Дата; Курс євро ;;
23.11.2015; 25,63 ₴ ;;
24.11.2015; 25,58 ₴ ;;
25.11.2015; 25,51 ₴ ;;
26.11.2015; 25,16 ₴ ;;
27.11.2015; 25,04 ₴ ;;
28.11.2015; 25,04 ₴ ;;
29.11.2015; 25,04 ₴ ;;
30.11.2015; 25,27 ₴ ;;
01.12.2015; 25,33 ₴ ;;
02.12.2015; 25,27 ₴ ;;
03.12.2015; 25,09 ₴ ;;
04.12.2015; 24,64 ₴ ;;
05.12.2015; 24,64 ₴ ;;
06.12.2015; 24,64 ₴ ;;
07.12.2015; 25,78 ₴ ;;
08.12.2015; 25,35 ₴ ;;
09.12.2015; 24,92 ₴ ;;
10.12.2015; 25,05 ₴ ;;
11.12.2015; 25,57 ₴ ;;
12.12.2015; 25,57 ₴ ;;
13.12.2015; 25,57 ₴ ;;
14.12.2015; 26,13 ₴ ;;
15.12.2015; 26,15 ₴ ;;
16.12.2015; 25,77 ₴ ;;
17.12.2015; 25,71 ₴ ;;
18.12.2015; 25,46 ₴ ;;
19.12.2015; 25,46 ₴ ;;
20.12.2015; 25,46 ₴ ;;
21.12.2015; 25,51 ₴ ;;
22.12.2015; 25,56 ₴ ;;
23.12.2015; 25,35 ₴ ;;
24.12.2015; 25,10 ₴ ;;
25.12.2015; 25,14 ₴ ;;
26.12.2015; 25,14 ₴ ;;
27.12.2015; 25,14 ₴ ;;
28.12.2015; 25,33 ₴ ;;
29.12.2015; 26,10 ₴ ;;
30.12.2015; 26,06 ₴ ;;
31.12.2015; 26,22 ₴ ;;
01.01.2016; 26,22 ₴ ;;
02.01.2016; 26,22 ₴ ;;
03.01.2016; 26,22 ₴ ;;
04.01.2016; 26,22 ₴ ;;
05.01.2016; 26,22 ₴ ;;
06.01.2016; 25,56 ₴ ;;
07.01.2016; 25,56 ₴ ;;
08.01.2016; 25,56 ₴ ;;
09.01.2016; 25,56 ₴ ;;
10.01.2016; 25,56 ₴ ;;
11.01.2016; 25,25 ₴ ;;
12.01.2016; 25,59 ₴ ;;
13.01.2016; 25,21 ₴ ;;
14.01.2016; 25,57 ₴ ;;
15.01.2016; 26,09 ₴ ;;
16.01.2016; 26,40 ₴ ;;
17.01.2016; 26,40 ₴ ;;
18.01.2016; 26,61 ₴ ;;
19.01.2016; 26,83 ₴ ;;
20.01.2016; 27,00 ₴ ;;
21.01.2016; 26,90 ₴ ;;
22.01.2016; 26,71 ₴ ;;
23.01.2016; 26,71 ₴ ;;
24.01.2016; 26,71 ₴ ;;
25.01.2016; 26,80 ₴ ;;
26.01.2016; 26,85 ₴ ;;
27.01.2016; 26,93 ₴ ;;
28.01.2016; 27,08 ₴ ;;
29.01.2016; 27,42 ₴ ;;
30.01.2016; 27,42 ₴ ;;
31.01.2016; 27,42 ₴ ;;
01.02.2016; 27,91 ₴ ;;
02.02.2016; 27,70 ₴ ;;
03.02.2016; 28,25 ₴ ;;
04.02.2016; 28,10 ₴ ;;
05.02.2016; 29,02 ₴ ;;
06.02.2016; 29,02 ₴ ;;
07.02.2016; 29,02 ₴ ;;
08.02.2016; 29,03 ₴ ;;
09.02.2016; 28,73 ₴ ;;
10.02.2016; 29,15 ₴ ;;
11.02.2016; 29,20 ₴ ;;
12.02.2016; 29,60 ₴ ;;
13.02.2016; 29,60 ₴ ;;
14.02.2016; 29,60 ₴ ;;
15.02.2016; 29,48 ₴ ;;
16.02.2016; 29,98 ₴ ;;
17.02.2016; 30,17 ₴ ;;
18.02.2016; 29,76 ₴ ;;
19.02.2016; 29,33 ₴ ;;
20.02.2016; 29,33 ₴ ;;
21.02.2016; 29,33 ₴ ;;
22.02.2016; 29,80 ₴ ;;
23.02.2016; 29,79 ₴ ;;
24.02.2016; 29,96 ₴ ;;
25.02.2016; 29,89 ₴ ;;
26.02.2016; 30,05 ₴ ;;
27.02.2016; 30,05 ₴ ;;
28.02.2016; 30,05 ₴ ;;
29.02.2016; 29,78 ₴ ;;
01.03.2016; 29,50 ₴ ;;
02.03.2016; 29,45 ₴ ;;
03.03.2016; 29,11 ₴ ;;
04.03.2016; 28,58 ₴ ;;
05.03.2016; 28,58 ₴ ;;
06.03.2016; 28,58 ₴ ;;
07.03.2016; 28,58 ₴ ;;
08.03.2016; 28,58 ₴ ;;
09.03.2016; 29,07 ₴ ;;
10.03.2016; 28,73 ₴ ;;
11.03.2016; 27,71 ₴ ;;
12.03.2016; 28,66 ₴ ;;
13.03.2016; 28,66 ₴ ;;
14.03.2016; 28,86 ₴ ;;
15.03.2016; 29,48 ₴ ;;
16.03.2016; 29,87 ₴ ;;
17.03.2016; 29,70 ₴ ;;
18.03.2016; 30,20 ₴ ;;
19.03.2016; 30,20 ₴ ;;
20.03.2016; 30,20 ₴ ;;
21.03.2016; 29,60 ₴ ;;
22.03.2016; 29,98 ₴ ;;
23.03.2016; 29,27 ₴ ;;
24.03.2016; 29,06 ₴ ;;
25.03.2016; 29,28 ₴ ;;
26.03.2016; 29,28 ₴ ;;
27.03.2016; 29,28 ₴ ;;
28.03.2016; 29,08 ₴ ;;
29.03.2016; 29,31 ₴ ;;
30.03.2016; 29,60 ₴ ;;
31.03.2016; 29,69 ₴ ;;
01.04.2016; 29,85 ₴ ;;
02.04.2016; 29,85 ₴ ;;
03.04.2016; 29,85 ₴ ;;
04.04.2016; 29,85 ₴ ;;
05.04.2016; 29,58 ₴ ;;
06.04.2016; 29,64 ₴ ;;
07.04.2016; 29,43 ₴ ;;
08.04.2016; 29,32 ₴ ;;
09.04.2016; 29,32 ₴ ;;
10.04.2016; 29,32 ₴ ;;
11.04.2016; 29,12 ₴ ;;
12.04.2016; 29,12 ₴ ;;
13.04.2016; 29,12 ₴ ;;
14.04.2016; 28,79 ₴ ;;
15.04.2016; 28,86 ₴ ;;
16.04.2016; 28,86 ₴ ;;
17.04.2016; 28,86 ₴ ;;
18.04.2016; 28,75 ₴ ;;
19.04.2016; 28,81 ₴ ;;
20.04.2016; 28,86 ₴ ;;
21.04.2016; 28,92 ₴ ;;
22.04.2016; 28,81 ₴ ;;
23.04.2016; 28,81 ₴ ;;
24.04.2016; 28,81 ₴ ;;
25.04.2016; 28,54 ₴ ;;
26.04.2016; 28,54 ₴ ;;
27.04.2016; 28,56 ₴ ;;
28.04.2016; 28,50 ₴ ;;
29.04.2016; 28,61 ₴ ;;
30.04.2016; 28,61 ₴ ;;
01.05.2016; 28,61 ₴ ;;
02.05.2016; 28,61 ₴ ;;
03.05.2016; 28,61 ₴ ;;
04.05.2016; 28,74 ₴ ;;
05.05.2016; 28,99 ₴ ;;
06.05.2016; 28,74 ₴ ;;
07.05.2016; 28,74 ₴ ;;
08.05.2016; 28,74 ₴ ;;
09.05.2016; 28,75 ₴ ;;
10.05.2016; 28,75 ₴ ;;
11.05.2016; 28,66 ₴ ;;
12.05.2016; 28,89 ₴ ;;
13.05.2016; 28,83 ₴ ;;
14.05.2016; 28,83 ₴ ;;
15.05.2016; 28,83 ₴ ;;
16.05.2016; 28,88 ₴ ;;
17.05.2016; 28,76 ₴ ;;
18.05.2016; 28,60 ₴ ;;
19.05.2016; 28,49 ₴ ;;
20.05.2016; 28,28 ₴ ;;
21.05.2016; 28,28 ₴ ;;
22.05.2016; 28,28 ₴ ;;
23.05.2016; 28,27 ₴ ;;
24.05.2016; 28,18 ₴ ;;
25.05.2016; 28,07 ₴ ;;
26.05.2016; 27,99 ₴ ;;
27.05.2016; 28,03 ₴ ;;
28.05.2016; 28,03 ₴ ;;
29.05.2016; 28,03 ₴ ;;
30.05.2016; 28,07 ₴ ;;
31.05.2016; 28,03 ₴ ;;
01.06.2016; 28,04 ₴ ;;
02.06.2016; 28,04 ₴ ;;
03.06.2016; 28,03 ₴ ;;
04.06.2016; 28,03 ₴ ;;
05.06.2016; 28,03 ₴ ;;
06.06.2016; 27,89 ₴ ;;
07.06.2016; 28,36 ₴ ;;
08.06.2016; 28,33 ₴ ;;
09.06.2016; 28,38 ₴ ;;
10.06.2016; 28,36 ₴ ;;
11.06.2016; 28,36 ₴ ;;
12.06.2016; 28,36 ₴ ;;
13.06.2016; 28,28 ₴ ;;
14.06.2016; 28,13 ₴ ;;
15.06.2016; 27,97 ₴ ;;
16.06.2016; 27,95 ₴ ;;
17.06.2016; 27,83 ₴ ;;
18.06.2016; 27,83 ₴ ;;
19.06.2016; 27,83 ₴ ;;
20.06.2016; 27,83 ₴ ;;
21.06.2016; 28,03 ₴ ;;
22.06.2016; 28,16 ₴ ;;
23.06.2016; 28,09 ₴ ;;
24.06.2016; 28,34 ₴ ;;
25.06.2016; 28,34 ₴ ;;
26.06.2016; 28,34 ₴ ;;
27.06.2016; 28,34 ₴ ;;
28.06.2016; 28,34 ₴ ;;
29.06.2016; 27,52 ₴ ;;
30.06.2016; 27,56 ₴ ;;
01.07.2016; 27,56 ₴ ;;
02.07.2016; 27,64 ₴ ;;
03.07.2016; 27,64 ₴ ;;
04.07.2016; 27,64 ₴ ;;
05.07.2016; 27,64 ₴ ;;
06.07.2016; 27,69 ₴ ;;
07.07.2016; 27,50 ₴ ;;
08.07.2016; 27,49 ₴ ;;
09.07.2016; 27,49 ₴ ;;
10.07.2016; 27,49 ₴ ;;
11.07.2016; 27,49 ₴ ;;
12.07.2016; 27,46 ₴ ;;
13.07.2016; 27,55 ₴ ;;
14.07.2016; 27,48 ₴ ;;
15.07.2016; 27,67 ₴ ;;
16.07.2016; 27,67 ₴ ;;
17.07.2016; 27,67 ₴ ;;
18.07.2016; 27,61 ₴ ;;
19.07.2016; 27,47 ₴ ;;
20.07.2016; 27,38 ₴ ;;
21.07.2016; 27,33 ₴ ;;
22.07.2016; 27,33 ₴ ;;
23.07.2016; 27,33 ₴ ;;
24.07.2016; 27,33 ₴ ;;
25.07.2016; 27,33 ₴ ;;
26.07.2016; 27,22 ₴ ;;
27.07.2016; 27,26 ₴ ;;
28.07.2016; 27,27 ₴ ;;
29.07.2016; 27,50 ₴ ;;
30.07.2016; 27,50 ₴ ;;
31.07.2016; 27,50 ₴ ;;
01.08.2016; 27,57 ₴ ;;
02.08.2016; 27,67 ₴ ;;
03.08.2016; 27,78 ₴ ;;
04.08.2016; 27,79 ₴ ;;
05.08.2016; 27,63 ₴ ;;
06.08.2016; 27,63 ₴ ;;
07.08.2016; 27,63 ₴ ;;
08.08.2016; 27,67 ₴ ;;
09.08.2016; 27,52 ₴ ;;
10.08.2016; 27,49 ₴ ;;
11.08.2016; 27,75 ₴ ;;
12.08.2016; 27,72 ₴ ;;
13.08.2016; 27,72 ₴ ;;
14.08.2016; 27,72 ₴ ;;
15.08.2016; 27,94 ₴ ;;
16.08.2016; 28,08 ₴ ;;
17.08.2016; 28,30 ₴ ;;
18.08.2016; 28,29 ₴ ;;
19.08.2016; 28,50 ₴ ;;
20.08.2016; 28,50 ₴ ;;
21.08.2016; 28,50 ₴ ;;
22.08.2016; 28,61 ₴ ;;
23.08.2016; 28,59 ₴ ;;
24.08.2016; 28,59 ₴ ;;
25.08.2016; 28,69 ₴ ;;
26.08.2016; 28,60 ₴ ;;
27.08.2016; 28,60 ₴ ;;
28.08.2016; 28,60 ₴ ;;
29.08.2016; 28,72 ₴ ;;
30.08.2016; 28,47 ₴ ;;
31.08.2016; 28,65 ₴ ;;
01.09.2016; 29,03 ₴ ;;
02.09.2016; 29,67 ₴ ;;
03.09.2016; 29,67 ₴ ;;
04.09.2016; 29,67 ₴ ;;
05.09.2016; 29,81 ₴ ;;
06.09.2016; 29,88 ₴ ;;
07.09.2016; 29,96 ₴ ;;
08.09.2016; 30,03 ₴ ;;
09.09.2016; 30,09 ₴ ;;
10.09.2016; 30,09 ₴ ;;
11.09.2016; 30,09 ₴ ;;
12.09.2016; 30,06 ₴ ;;
13.09.2016; 29,90 ₴ ;;
14.09.2016; 29,72 ₴ ;;
15.09.2016; 29,54 ₴ ;;
16.09.2016; 29,49 ₴ ;;
17.09.2016; 29,49 ₴ ;;
18.09.2016; 29,49 ₴ ;;
19.09.2016; 29,08 ₴ ;;
20.09.2016; 28,77 ₴ ;;
21.09.2016; 28,86 ₴ ;;
22.09.2016; 28,96 ₴ ;;
23.09.2016; 29,13 ₴ ;;
24.09.2016; 29,13 ₴ ;;
25.09.2016; 29,13 ₴ ;;
26.09.2016; 29,15 ₴ ;;
27.09.2016; 29,17 ₴ ;;
28.09.2016; 28,98 ₴ ;;
29.09.2016; 29,07 ₴ ;;
30.09.2016; 29,08 ₴ ;;
01.10.2016; 29,08 ₴ ;;
02.10.2016; 29,08 ₴ ;;
03.10.2016; 28,95 ₴ ;;
04.10.2016; 29,12 ₴ ;;
05.10.2016; 28,87 ₴ ;;
06.10.2016; 29,03 ₴ ;;
07.10.2016; 28,96 ₴ ;;
08.10.2016; 28,96 ₴ ;;
09.10.2016; 28,96 ₴ ;;
10.10.2016; 28,79 ₴ ;;
11.10.2016; 28,82 ₴ ;;
12.10.2016; 28,64 ₴ ;;
13.10.2016; 28,44 ₴ ;;
14.10.2016; 28,44 ₴ ;;
15.10.2016; 28,44 ₴ ;;
16.10.2016; 28,44 ₴ ;;
17.10.2016; 28,47 ₴ ;;
18.10.2016; 28,35 ₴ ;;
19.10.2016; 28,21 ₴ ;;
20.10.2016; 28,21 ₴ ;;
21.10.2016; 28,22 ₴ ;;
22.10.2016; 28,22 ₴ ;;
23.10.2016; 28,22 ₴ ;;
24.10.2016; 27,94 ₴ ;;
25.10.2016; 27,93 ₴ ;;
26.10.2016; 27,83 ₴ ;;
27.10.2016; 27,95 ₴ ;;
28.10.2016; 27,90 ₴ ;;
29.10.2016; 27,90 ₴ ;;
30.10.2016; 27,90 ₴ ;;
31.10.2016; 27,85 ₴ ;;
01.11.2016; 27,93 ₴ ;;
02.11.2016; 28,21 ₴ ;;
03.11.2016; 28,36 ₴ ;;
04.11.2016; 28,32 ₴ ;;
05.11.2016; 28,32 ₴ ;;
06.11.2016; 28,32 ₴ ;;
07.11.2016; 28,37 ₴ ;;
08.11.2016; 28,29 ₴ ;;
09.11.2016; 28,22 ₴ ;;
10.11.2016; 28,17 ₴ ;;
11.11.2016; 27,87 ₴ ;;
12.11.2016; 27,87 ₴ ;;
13.11.2016; 27,87 ₴ ;;
14.11.2016; 27,95 ₴ ;;
15.11.2016; 27,75 ₴ ;;
16.11.2016; 28,00 ₴ ;;
17.11.2016; 28,20 ₴ ;;
18.11.2016; 27,92 ₴ ;;
19.11.2016; 27,92 ₴ ;;
20.11.2016; 27,92 ₴ ;;
21.11.2016; 27,52 ₴ ;;
22.11.2016; 27,41 ₴ ;;
23.11.2016; 27,24 ₴ ;;
24.11.2016; 27,13 ₴ ;;
25.11.2016; 26,99 ₴ ;;
26.11.2016; 26,99 ₴ ;;
27.11.2016; 26,99 ₴ ;;
28.11.2016; 27,25 ₴ ;;
29.11.2016; 27,17 ₴ ;;
30.11.2016; 27,07 ₴ ;;
01.12.2016; 27,18 ₴ ;;
02.12.2016; 27,25 ₴ ;;
03.12.2016; 27,25 ₴ ;;
04.12.2016; 27,25 ₴ ;;
05.12.2016; 27,56 ₴ ;;
06.12.2016; 27,96 ₴ ;;
07.12.2016; 28,01 ₴ ;;
08.12.2016; 27,92 ₴ ;;
09.12.2016; 27,74 ₴ ;;
10.12.2016; 27,74 ₴ ;;
11.12.2016; 27,74 ₴ ;;
12.12.2016; 27,33 ₴ ;;
13.12.2016; 27,73 ₴ ;;
14.12.2016; 27,70 ₴ ;;
15.12.2016; 28,00 ₴ ;;
16.12.2016; 27,40 ₴ ;;
17.12.2016; 27,40 ₴ ;;
18.12.2016; 27,40 ₴ ;;
19.12.2016; 27,49 ₴ ;;
20.12.2016; 27,51 ₴ ;;
21.12.2016; 27,43 ₴ ;;
22.12.2016; 27,54 ₴ ;;
23.12.2016; 27,45 ₴ ;;
24.12.2016; 27,45 ₴ ;;
25.12.2016; 27,45 ₴ ;;
26.12.2016; 27,44 ₴ ;;
27.12.2016; 27,54 ₴ ;;
28.12.2016; 27,84 ₴ ;;
29.12.2016; 27,97 ₴ ;;
30.12.2016; 28,42 ₴ ;;
31.12.2016; 28,42 ₴ ;;
01.01.2017; 28,42 ₴ ;;
02.01.2017; 28,42 ₴ ;;
03.01.2017; 28,42 ₴ ;;
04.01.2017; 28,42 ₴ ;;
05.01.2017; 27,86 ₴ ;;
06.01.2017; 27,60 ₴ ;;
07.01.2017; 27,60 ₴ ;;
08.01.2017; 27,60 ₴ ;;
09.01.2017; 27,60 ₴ ;;
10.01.2017; 28,61 ₴ ;;
11.01.2017; 28,73 ₴ ;;
12.01.2017; 28,48 ₴ ;;
13.01.2017; 29,10 ₴ ;;
14.01.2017; 29,10 ₴ ;;
15.01.2017; 29,10 ₴ ;;
16.01.2017; 29,50 ₴ ;;
17.01.2017; 29,37 ₴ ;;
18.01.2017; 29,52 ₴ ;;
19.01.2017; 29,32 ₴ ;;
20.01.2017; 29,28 ₴ ;;
21.01.2017; 29,28 ₴ ;;
22.01.2017; 29,28 ₴ ;;
23.01.2017; 29,16 ₴ ;;
24.01.2017; 29,29 ₴ ;;
25.01.2017; 29,27 ₴ ;;
26.01.2017; 29,23 ₴ ;;
27.01.2017; 29,12 ₴ ;;
28.01.2017; 29,12 ₴ ;;
29.01.2017; 29,12 ₴ ;;
30.01.2017; 29,04 ₴ ;;
31.01.2017; 28,83 ₴ ;;
01.02.2017; 29,12 ₴ ;;
02.02.2017; 29,13 ₴ ;;
03.02.2017; 29,17 ₴ ;;
04.02.2017; 29,17 ₴ ;;
05.02.2017; 29,17 ₴ ;;
06.02.2017; 29,08 ₴ ;;
07.02.2017; 29,20 ₴ ;;
08.02.2017; 28,86 ₴ ;;
09.02.2017; 28,70 ₴ ;;
10.02.2017; 28,90 ₴ ;;
11.02.2017; 28,90 ₴ ;;
12.02.2017; 28,90 ₴ ;;
13.02.2017; 28,92 ₴ ;;
14.02.2017; 28,87 ₴ ;;
15.02.2017; 28,93 ₴ ;;
16.02.2017; 28,49 ₴ ;;
17.02.2017; 28,75 ₴ ;;
18.02.2017; 28,75 ₴ ;;
19.02.2017; 28,75 ₴ ;;
20.02.2017; 28,78 ₴ ;;
21.02.2017; 28,69 ₴ ;;
22.02.2017; 28,49 ₴ ;;
23.02.2017; 28,36 ₴ ;;
24.02.2017; 28,45 ₴ ;;
25.02.2017; 28,45 ₴ ;;
26.02.2017; 28,45 ₴ ;;
27.02.2017; 28,62 ₴ ;;
28.02.2017; 28,64 ₴ ;;
01.03.2017; 28,79 ₴ ;;
02.03.2017; 28,63 ₴ ;;
03.03.2017; 28,48 ₴ ;;
04.03.2017; 28,48 ₴ ;;
05.03.2017; 28,48 ₴ ;;
06.03.2017; 28,65 ₴ ;;
07.03.2017; 28,62 ₴ ;;
08.03.2017; 28,62 ₴ ;;
09.03.2017; 28,51 ₴ ;;
10.03.2017; 28,39 ₴ ;;
11.03.2017; 28,39 ₴ ;;
12.03.2017; 28,39 ₴ ;;
13.03.2017; 28,43 ₴ ;;
14.03.2017; 28,68 ₴ ;;
15.03.2017; 28,60 ₴ ;;
16.03.2017; 28,55 ₴ ;;
17.03.2017; 28,94 ₴ ;;
18.03.2017; 28,94 ₴ ;;
19.03.2017; 28,94 ₴ ;;
20.03.2017; 28,89 ₴ ;;
21.03.2017; 28,91 ₴ ;;
22.03.2017; 29,00 ₴ ;;
23.03.2017; 29,09 ₴ ;;
24.03.2017; 29,18 ₴ ;;
25.03.2017; 29,18 ₴ ;;
26.03.2017; 29,18 ₴ ;;
27.03.2017; 29,31 ₴ ;;
28.03.2017; 29,57 ₴ ;;
29.03.2017; 29,45 ₴ ;;
30.03.2017; 29,06 ₴ ;;
31.03.2017; 28,96 ₴ ;;
01.04.2017; 28,96 ₴ ;;
02.04.2017; 28,96 ₴ ;;
03.04.2017; 28,89 ₴ ;;
04.04.2017; 28,81 ₴ ;;
05.04.2017; 28,88 ₴ ;;
06.04.2017; 29,00 ₴ ;;
07.04.2017; 28,91 ₴ ;;
08.04.2017; 28,91 ₴ ;;
09.04.2017; 28,91 ₴ ;;
10.04.2017; 28,67 ₴ ;;
11.04.2017; 28,49 ₴ ;;
12.04.2017; 28,55 ₴ ;;
13.04.2017; 28,50 ₴ ;;
14.04.2017; 28,56 ₴ ;;
15.04.2017; 28,56 ₴ ;;
16.04.2017; 28,56 ₴ ;;
17.04.2017; 28,56 ₴ ;;
18.04.2017; 28,50 ₴ ;;
19.04.2017; 28,68 ₴ ;;
20.04.2017; 28,73 ₴ ;;
21.04.2017; 28,75 ₴ ;;
22.04.2017; 28,75 ₴ ;;
23.04.2017; 28,75 ₴ ;;
24.04.2017; 28,60 ₴ ;;
25.04.2017; 28,94 ₴ ;;
26.04.2017; 29,00 ₴ ;;
27.04.2017; 28,96 ₴ ;;
28.04.2017; 28,89 ₴ ;;
29.04.2017; 28,89 ₴ ;;
30.04.2017; 28,89 ₴ ;;
01.05.2017; 28,89 ₴ ;;
02.05.2017; 28,89 ₴ ;;
03.05.2017; 29,03 ₴ ;;
04.05.2017; 28,96 ₴ ;;
05.05.2017; 28,94 ₴ ;;
06.05.2017; 28,94 ₴ ;;
07.05.2017; 28,94 ₴ ;;
08.05.2017; 28,94 ₴ ;;
09.05.2017; 28,94 ₴ ;;
10.05.2017; 29,06 ₴ ;;
11.05.2017; 28,79 ₴ ;;
12.05.2017; 28,70 ₴ ;;
13.05.2017; 28,79 ₴ ;;
14.05.2017; 28,79 ₴ ;;
15.05.2017; 28,79 ₴ ;;
16.05.2017; 29,05 ₴ ;;
17.05.2017; 29,23 ₴ ;;
18.05.2017; 29,37 ₴ ;;
19.05.2017; 29,37 ₴ ;;
20.05.2017; 29,37 ₴ ;;
21.05.2017; 29,37 ₴ ;;
22.05.2017; 29,48 ₴ ;;
23.05.2017; 29,62 ₴ ;;
24.05.2017; 29,50 ₴ ;;
25.05.2017; 29,40 ₴ ;;
26.05.2017; 29,47 ₴ ;;
27.05.2017; 29,47 ₴ ;;
28.05.2017; 29,47 ₴ ;;
29.05.2017; 29,50 ₴ ;;
30.05.2017; 29,52 ₴ ;;
31.05.2017; 29,44 ₴ ;;
01.06.2017; 29,52 ₴ ;;
02.06.2017; 29,47 ₴ ;;
03.06.2017; 29,47 ₴ ;;
04.06.2017; 29,47 ₴ ;;
05.06.2017; 29,47 ₴ ;;
06.06.2017; 29,48 ₴ ;;
07.06.2017; 29,55 ₴ ;;
08.06.2017; 29,39 ₴ ;;
09.06.2017; 29,36 ₴ ;;
10.06.2017; 29,36 ₴ ;;
11.06.2017; 29,36 ₴ ;;
12.06.2017; 29,20 ₴ ;;
13.06.2017; 29,25 ₴ ;;
14.06.2017; 29,16 ₴ ;;
15.06.2017; 29,14 ₴ ;;
16.06.2017; 29,04 ₴ ;;
17.06.2017; 29,04 ₴ ;;
18.06.2017; 29,04 ₴ ;;
19.06.2017; 29,06 ₴ ;;
20.06.2017; 29,14 ₴ ;;
21.06.2017; 29,04 ₴ ;;
22.06.2017; 29,01 ₴ ;;
23.06.2017; 29,07 ₴ ;;
24.06.2017; 29,07 ₴ ;;
25.06.2017; 29,07 ₴ ;;
26.06.2017; 29,08 ₴ ;;
27.06.2017; 29,13 ₴ ;;
28.06.2017; 29,13 ₴ ;;
29.06.2017; 29,41 ₴ ;;
30.06.2017; 29,79 ₴ ;;
01.07.2017; 29,79 ₴ ;;
02.07.2017; 29,79 ₴ ;;
03.07.2017; 29,70 ₴ ;;
04.07.2017; 29,55 ₴ ;;
05.07.2017; 29,54 ₴ ;;
06.07.2017; 29,59 ₴ ;;
07.07.2017; 29,67 ₴ ;;
08.07.2017; 29,67 ₴ ;;
09.07.2017; 29,67 ₴ ;;
10.07.2017; 29,70 ₴ ;;
11.07.2017; 29,61 ₴ ;;
12.07.2017; 29,62 ₴ ;;
13.07.2017; 29,67 ₴ ;;
14.07.2017; 29,65 ₴ ;;
15.07.2017; 29,65 ₴ ;;
16.07.2017; 29,65 ₴ ;;
17.07.2017; 29,70 ₴ ;;
18.07.2017; 29,76 ₴ ;;
19.07.2017; 29,96 ₴ ;;
20.07.2017; 29,92 ₴ ;;
21.07.2017; 29,78 ₴ ;;
22.07.2017; 29,78 ₴ ;;
23.07.2017; 29,78 ₴ ;;
24.07.2017; 30,14 ₴ ;;
25.07.2017; 30,08 ₴ ;;
26.07.2017; 30,22 ₴ ;;
27.07.2017; 30,14 ₴ ;;
28.07.2017; 30,29 ₴ ;;
29.07.2017; 30,29 ₴ ;;
30.07.2017; 30,29 ₴ ;;
31.07.2017; 30,40 ₴ ;;
01.08.2017; 30,32 ₴ ;;
02.08.2017; 30,54 ₴ ;;
03.08.2017; 30,64 ₴ ;;
04.08.2017; 30,70 ₴ ;;
05.08.2017; 30,70 ₴ ;;
06.08.2017; 30,70 ₴ ;;
07.08.2017; 30,67 ₴ ;;
08.08.2017; 30,42 ₴ ;;
09.08.2017; 30,40 ₴ ;;
10.08.2017; 30,18 ₴ ;;
11.08.2017; 30,14 ₴ ;;
12.08.2017; 30,14 ₴ ;;
13.08.2017; 30,14 ₴ ;;
14.08.2017; 30,23 ₴ ;;
15.08.2017; 30,24 ₴ ;;
16.08.2017; 30,06 ₴ ;;
17.08.2017; 29,95 ₴ ;;
18.08.2017; 29,83 ₴ ;;
19.08.2017; 29,93 ₴ ;;
20.08.2017; 29,93 ₴ ;;
21.08.2017; 29,93 ₴ ;;
22.08.2017; 29,92 ₴ ;;
23.08.2017; 29,96 ₴ ;;
24.08.2017; 29,96 ₴ ;;
25.08.2017; 29,96 ₴ ;;
26.08.2017; 29,96 ₴ ;;
27.08.2017; 29,96 ₴ ;;
28.08.2017; 30,14 ₴ ;;
29.08.2017; 30,43 ₴ ;;
30.08.2017; 30,65 ₴ ;;
31.08.2017; 30,48 ₴ ;;
01.09.2017; 30,38 ₴ ;;
02.09.2017; 30,38 ₴ ;;
03.09.2017; 30,38 ₴ ;;
04.09.2017; 30,69 ₴ ;;
05.09.2017; 30,84 ₴ ;;
06.09.2017; 30,86 ₴ ;;
07.09.2017; 31,00 ₴ ;;
08.09.2017; 31,13 ₴ ;;
09.09.2017; 31,13 ₴ ;;
10.09.2017; 31,13 ₴ ;;
11.09.2017; 31,44 ₴ ;;
12.09.2017; 31,20 ₴ ;;
13.09.2017; 31,05 ₴ ;;
14.09.2017; 31,24 ₴ ;;
15.09.2017; 31,09 ₴ ;;
16.09.2017; 31,09 ₴ ;;
17.09.2017; 31,09 ₴ ;;
18.09.2017; 31,37 ₴ ;;
19.09.2017; 31,28 ₴ ;;
20.09.2017; 31,28 ₴ ;;
21.09.2017; 31,45 ₴ ;;
22.09.2017; 31,24 ₴ ;;
23.09.2017; 31,24 ₴ ;;
24.09.2017; 31,24 ₴ ;;
25.09.2017; 31,41 ₴ ;;
26.09.2017; 31,23 ₴ ;;
27.09.2017; 31,10 ₴ ;;
28.09.2017; 31,08 ₴ ;;
29.09.2017; 31,24 ₴ ;;
30.09.2017; 31,24 ₴ ;;
01.10.2017; 31,24 ₴ ;;
02.10.2017; 31,38 ₴ ;;
03.10.2017; 31,30 ₴ ;;
04.10.2017; 31,39 ₴ ;;
05.10.2017; 31,60 ₴ ;;
06.10.2017; 31,47 ₴ ;;
07.10.2017; 31,47 ₴ ;;
08.10.2017; 31,47 ₴ ;;
09.10.2017; 31,30 ₴ ;;
10.10.2017; 31,19 ₴ ;;
11.10.2017; 31,36 ₴ ;;
12.10.2017; 31,39 ₴ ;;
13.10.2017; 31,58 ₴ ;;
14.10.2017; 31,58 ₴ ;;
15.10.2017; 31,58 ₴ ;;
16.10.2017; 31,58 ₴ ;;
17.10.2017; 31,34 ₴ ;;
18.10.2017; 31,14 ₴ ;;
19.10.2017; 31,05 ₴ ;;
20.10.2017; 31,36 ₴ ;;
21.10.2017; 31,36 ₴ ;;
22.10.2017; 31,36 ₴ ;;
23.10.2017; 31,36 ₴ ;;
24.10.2017; 31,20 ₴ ;;
25.10.2017; 31,37 ₴ ;;
26.10.2017; 31,55 ₴ ;;
27.10.2017; 31,53 ₴ ;;
28.10.2017; 31,53 ₴ ;;
29.10.2017; 31,53 ₴ ;;
30.10.2017; 31,19 ₴ ;;
31.10.2017; 31,15 ₴ ;;
01.11.2017; 31,26 ₴ ;;
02.11.2017; 31,21 ₴ ;;
03.11.2017; 31,36 ₴ ;;
04.11.2017; 31,36 ₴ ;;
05.11.2017; 31,36 ₴ ;;
06.11.2017; 31,43 ₴ ;;
07.11.2017; 31,12 ₴ ;;
08.11.2017; 30,93 ₴ ;;
09.11.2017; 30,87 ₴ ;;
10.11.2017; 30,89 ₴ ;;
11.11.2017; 30,89 ₴ ;;
12.11.2017; 30,89 ₴ ;;
13.11.2017; 30,90 ₴ ;;
14.11.2017; 30,87 ₴ ;;
15.11.2017; 31,12 ₴ ;;
16.11.2017; 31,35 ₴ ;;
17.11.2017; 31,17 ₴ ;;
18.11.2017; 31,17 ₴ ;;
19.11.2017; 31,17 ₴ ;;
20.11.2017; 31,26 ₴ ;;
21.11.2017; 31,19 ₴ ;;
22.11.2017; 31,04 ₴ ;;
23.11.2017; 31,31 ₴ ;;
24.11.2017; 31,83 ₴ ;;
25.11.2017; 31,83 ₴ ;;
26.11.2017; 31,83 ₴ ;;
27.11.2017; 31,97 ₴ ;;
28.11.2017; 32,07 ₴ ;;
29.11.2017; 31,95 ₴ ;;
30.11.2017; 31,95 ₴ ;;
01.12.2017; 32,18 ₴ ;;
02.12.2017; 32,18 ₴ ;;
03.12.2017; 32,18 ₴ ;;
04.12.2017; 32,15 ₴ ;;
05.12.2017; 32,29 ₴ ;;
06.12.2017; 32,18 ₴ ;;
07.12.2017; 32,03 ₴ ;;
08.12.2017; 31,96 ₴ ;;
09.12.2017; 31,96 ₴ ;;
10.12.2017; 31,96 ₴ ;;
11.12.2017; 31,83 ₴ ;;
12.12.2017; 32,01 ₴ ;;
13.12.2017; 31,98 ₴ ;;
14.12.2017; 32,00 ₴ ;;
15.12.2017; 32,47 ₴ ;;
16.12.2017; 32,47 ₴ ;;
17.12.2017; 32,47 ₴ ;;
18.12.2017; 32,63 ₴ ;;
19.12.2017; 32,88 ₴ ;;
20.12.2017; 32,97 ₴ ;;
21.12.2017; 33,00 ₴ ;;
22.12.2017; 33,03 ₴ ;;
23.12.2017; 33,03 ₴ ;;
24.12.2017; 33,03 ₴ ;;
25.12.2017; 33,03 ₴ ;;
26.12.2017; 33,13 ₴ ;;
27.12.2017; 33,12 ₴ ;;
28.12.2017; 33,24 ₴ ;;
29.12.2017; 33,50 ₴ ;;
30.12.2017; 33,50 ₴ ;;
31.12.2017; 33,50 ₴ ;;
01.01.2018; 33,50 ₴ ;;
02.01.2018; 33,50 ₴ ;;
03.01.2018; 33,50 ₴ ;;
04.01.2018; 33,53 ₴ ;;
05.01.2018; 33,80 ₴ ;;
06.01.2018; 33,80 ₴ ;;
07.01.2018; 33,80 ₴ ;;
08.01.2018; 33,80 ₴ ;;
09.01.2018; 33,97 ₴ ;;
10.01.2018; 33,65 ₴ ;;
11.01.2018; 33,97 ₴ ;;
12.01.2018; 34,18 ₴ ;;
13.01.2018; 34,18 ₴ ;;
14.01.2018; 34,18 ₴ ;;
15.01.2018; 34,63 ₴ ;;
16.01.2018; 35,07 ₴ ;;
17.01.2018; 35,04 ₴ ;;
18.01.2018; 34,98 ₴ ;;
19.01.2018; 35,21 ₴ ;;
20.01.2018; 35,21 ₴ ;;
21.01.2018; 35,21 ₴ ;;
22.01.2018; 35,35 ₴ ;;
23.01.2018; 35,34 ₴ ;;
24.01.2018; 35,36 ₴ ;;
25.01.2018; 35,65 ₴ ;;
26.01.2018; 35,66 ₴ ;;
27.01.2018; 35,66 ₴ ;;
28.01.2018; 35,66 ₴ ;;
29.01.2018; 35,50 ₴ ;;
30.01.2018; 34,97 ₴ ;;
31.01.2018; 34,79 ₴ ;;
01.02.2018; 34,68 ₴ ;;
02.02.2018; 34,72 ₴ ;;
03.02.2018; 34,72 ₴ ;;
04.02.2018; 34,72 ₴ ;;
05.02.2018; 34,84 ₴ ;;
06.02.2018; 34,51 ₴ ;;
07.02.2018; 33,86 ₴ ;;
08.02.2018; 33,46 ₴ ;;
09.02.2018; 33,23 ₴ ;;
10.02.2018; 33,23 ₴ ;;
11.02.2018; 33,23 ₴ ;;
12.02.2018; 33,21 ₴ ;;
13.02.2018; 32,91 ₴ ;;
14.02.2018; 32,93 ₴ ;;
15.02.2018; 32,91 ₴ ;;
16.02.2018; 33,43 ₴ ;;
17.02.2018; 33,43 ₴ ;;
18.02.2018; 33,43 ₴ ;;
19.02.2018; 33,64 ₴ ;;
20.02.2018; 33,52 ₴ ;;
21.02.2018; 33,41 ₴ ;;
22.02.2018; 33,23 ₴ ;;
23.02.2018; 33,23 ₴ ;;
24.02.2018; 33,23 ₴ ;;
25.02.2018; 33,23 ₴ ;;
26.02.2018; 33,19 ₴ ;;
27.02.2018; 33,27 ₴ ;;
28.02.2018; 33,15 ₴ ;;
01.03.2018; 32,74 ₴ ;;
02.03.2018; 32,46 ₴ ;;
03.03.2018; 32,67 ₴ ;;
04.03.2018; 32,67 ₴ ;;
05.03.2018; 32,67 ₴ ;;
06.03.2018; 32,59 ₴ ;;
07.03.2018; 32,70 ₴ ;;
08.03.2018; 32,70 ₴ ;;
09.03.2018; 32,70 ₴ ;;
10.03.2018; 32,70 ₴ ;;
11.03.2018; 32,70 ₴ ;;
12.03.2018; 32,40 ₴ ;;
13.03.2018; 31,89 ₴ ;;
14.03.2018; 32,08 ₴ ;;
15.03.2018; 32,18 ₴ ;;
16.03.2018; 32,42 ₴ ;;
17.03.2018; 32,42 ₴ ;;
18.03.2018; 32,42 ₴ ;;
19.03.2018; 32,42 ₴ ;;
20.03.2018; 32,54 ₴ ;;
21.03.2018; 32,29 ₴ ;;
22.03.2018; 32,29 ₴ ;;
23.03.2018; 32,33 ₴ ;;
24.03.2018; 32,33 ₴ ;;
25.03.2018; 32,33 ₴ ;;
26.03.2018; 32,43 ₴ ;;
27.03.2018; 32,65 ₴ ;;
28.03.2018; 32,56 ₴ ;;
29.03.2018; 32,74 ₴ ;;
30.03.2018; 32,70 ₴ ;;
31.03.2018; 32,70 ₴ ;;
01.04.2018; 32,70 ₴ ;;
02.04.2018; 32,41 ₴ ;;
03.04.2018; 32,23 ₴ ;;
04.04.2018; 32,41 ₴ ;;
05.04.2018; 32,24 ₴ ;;
06.04.2018; 31,96 ₴ ;;
07.04.2018; 31,96 ₴ ;;
08.04.2018; 31,96 ₴ ;;
09.04.2018; 31,96 ₴ ;;
10.04.2018; 31,84 ₴ ;;
11.04.2018; 32,11 ₴ ;;
12.04.2018; 32,11 ₴ ;;
13.04.2018; 32,02 ₴ ;;
14.04.2018; 32,02 ₴ ;;
15.04.2018; 32,02 ₴ ;;
16.04.2018; 32,18 ₴ ;;
17.04.2018; 32,27 ₴ ;;
18.04.2018; 32,23 ₴ ;;
19.04.2018; 32,39 ₴ ;;
20.04.2018; 32,47 ₴ ;;
21.04.2018; 32,47 ₴ ;;
22.04.2018; 32,47 ₴ ;;
23.04.2018; 32,22 ₴ ;;
24.04.2018; 31,97 ₴ ;;
25.04.2018; 31,97 ₴ ;;
26.04.2018; 32,01 ₴ ;;
27.04.2018; 31,92 ₴ ;;
28.04.2018; 31,92 ₴ ;;
29.04.2018; 31,92 ₴ ;;
30.04.2018; 31,92 ₴ ;;
01.05.2018; 31,92 ₴ ;;
02.05.2018; 31,62 ₴ ;;
03.05.2018; 31,40 ₴ ;;
04.05.2018; 31,41 ₴ ;;
05.05.2018; 31,49 ₴ ;;
06.05.2018; 31,49 ₴ ;;
07.05.2018; 31,49 ₴ ;;
08.05.2018; 31,29 ₴ ;;
09.05.2018; 31,29 ₴ ;;
10.05.2018; 31,12 ₴ ;;
11.05.2018; 31,11 ₴ ;;
12.05.2018; 31,11 ₴ ;;
13.05.2018; 31,11 ₴ ;;
14.05.2018; 31,26 ₴ ;;
15.05.2018; 31,37 ₴ ;;
16.05.2018; 31,15 ₴ ;;
17.05.2018; 30,88 ₴ ;;
18.05.2018; 30,92 ₴ ;;
19.05.2018; 30,92 ₴ ;;
20.05.2018; 30,92 ₴ ;;
21.05.2018; 30,80 ₴ ;;
22.05.2018; 30,67 ₴ ;;
23.05.2018; 30,75 ₴ ;;
24.05.2018; 30,54 ₴ ;;
25.05.2018; 30,62 ₴ ;;
26.05.2018; 30,62 ₴ ;;
27.05.2018; 30,62 ₴ ;;
28.05.2018; 30,62 ₴ ;;
29.05.2018; 30,53 ₴ ;;
30.05.2018; 30,17 ₴ ;;
31.05.2018; 30,40 ₴ ;;
01.06.2018; 30,56 ₴ ;;
02.06.2018; 30,56 ₴ ;;
03.06.2018; 30,56 ₴ ;;
04.06.2018; 30,47 ₴ ;;
05.06.2018; 30,67 ₴ ;;
06.06.2018; 30,54 ₴ ;;
07.06.2018; 30,78 ₴ ;;
08.06.2018; 30,98 ₴ ;;
09.06.2018; 30,98 ₴ ;;
10.06.2018; 30,98 ₴ ;;
11.06.2018; 30,72 ₴ ;;
12.06.2018; 30,76 ₴ ;;
13.06.2018; 30,75 ₴ ;;
14.06.2018; 30,73 ₴ ;;
15.06.2018; 30,76 ₴ ;;
16.06.2018; 30,76 ₴ ;;
17.06.2018; 30,76 ₴ ;;
18.06.2018; 30,52 ₴ ;;
19.06.2018; 30,58 ₴ ;;
20.06.2018; 30,50 ₴ ;;
21.06.2018; 30,65 ₴ ;;
22.06.2018; 30,35 ₴ ;;
23.06.2018; 30,56 ₴ ;;
24.06.2018; 30,56 ₴ ;;
25.06.2018; 30,56 ₴ ;;
26.06.2018; 30,62 ₴ ;;
27.06.2018; 30,57 ₴ ;;
28.06.2018; 30,57 ₴ ;;
29.06.2018; 30,57 ₴ ;;
30.06.2018; 30,57 ₴ ;;
01.07.2018; 30,57 ₴ ;;
02.07.2018; 30,58 ₴ ;;
03.07.2018; 30,53 ₴ ;;
04.07.2018; 30,68 ₴ ;;
05.07.2018; 30,78 ₴ ;;
06.07.2018; 30,95 ₴ ;;
07.07.2018; 30,95 ₴ ;;
08.07.2018; 30,95 ₴ ;;
09.07.2018; 30,85 ₴ ;;
10.07.2018; 30,95 ₴ ;;
11.07.2018; 30,70 ₴ ;;
12.07.2018; 30,78 ₴ ;;
13.07.2018; 30,58 ₴ ;;
14.07.2018; 30,58 ₴ ;;
15.07.2018; 30,58 ₴ ;;
16.07.2018; 30,54 ₴ ;;
17.07.2018; 30,71 ₴ ;;
18.07.2018; 30,70 ₴ ;;
19.07.2018; 30,54 ₴ ;;
20.07.2018; 30,68 ₴ ;;
21.07.2018; 30,68 ₴ ;;
22.07.2018; 30,68 ₴ ;;
23.07.2018; 30,86 ₴ ;;
24.07.2018; 30,99 ₴ ;;
25.07.2018; 31,12 ₴ ;;
26.07.2018; 31,13 ₴ ;;
27.07.2018; 31,22 ₴ ;;
28.07.2018; 31,22 ₴ ;;
29.07.2018; 31,22 ₴ ;;
30.07.2018; 31,11 ₴ ;;
31.07.2018; 31,26 ₴ ;;
01.08.2018; 31,53 ₴ ;;
02.08.2018; 31,53 ₴ ;;
03.08.2018; 31,38 ₴ ;;
04.08.2018; 31,38 ₴ ;;
05.08.2018; 31,38 ₴ ;;
06.08.2018; 31,40 ₴ ;;
07.08.2018; 31,32 ₴ ;;
08.08.2018; 31,35 ₴ ;;
09.08.2018; 31,25 ₴ ;;
10.08.2018; 31,43 ₴ ;;
11.08.2018; 31,43 ₴ ;;
12.08.2018; 31,43 ₴ ;;
13.08.2018; 31,21 ₴ ;;
14.08.2018; 31,18 ₴ ;;
15.08.2018; 31,32 ₴ ;;
16.08.2018; 31,08 ₴ ;;
17.08.2018; 31,46 ₴ ;;
18.08.2018; 31,46 ₴ ;;
19.08.2018; 31,46 ₴ ;;
20.08.2018; 31,78 ₴ ;;
21.08.2018; 31,63 ₴ ;;
22.08.2018; 31,87 ₴ ;;
23.08.2018; 32,39 ₴ ;;
24.08.2018; 32,39 ₴ ;;
25.08.2018; 32,39 ₴ ;;
26.08.2018; 32,39 ₴ ;;
27.08.2018; 32,25 ₴ ;;
28.08.2018; 32,44 ₴ ;;
29.08.2018; 32,85 ₴ ;;
30.08.2018; 32,78 ₴ ;;
31.08.2018; 33,06 ₴ ;;
01.09.2018; 33,06 ₴ ;;
02.09.2018; 33,06 ₴ ;;
03.09.2018; 32,91 ₴ ;;
04.09.2018; 32,94 ₴ ;;
05.09.2018; 32,94 ₴ ;;
06.09.2018; 32,91 ₴ ;;
07.09.2018; 32,84 ₴ ;;
08.09.2018; 32,84 ₴ ;;
09.09.2018; 32,84 ₴ ;;
10.09.2018; 32,83 ₴ ;;
11.09.2018; 32,63 ₴ ;;
12.09.2018; 32,52 ₴ ;;
13.09.2018; 32,47 ₴ ;;
14.09.2018; 32,68 ₴ ;;
15.09.2018; 32,68 ₴ ;;
16.09.2018; 32,68 ₴ ;;
17.09.2018; 32,91 ₴ ;;
18.09.2018; 32,83 ₴ ;;
19.09.2018; 32,93 ₴ ;;
20.09.2018; 32,81 ₴ ;;
21.09.2018; 33,03 ₴ ;;
22.09.2018; 33,03 ₴ ;;
23.09.2018; 33,03 ₴ ;;
24.09.2018; 33,00 ₴ ;;
25.09.2018; 33,10 ₴ ;;
26.09.2018; 33,05 ₴ ;;
27.09.2018; 33,03 ₴ ;;
28.09.2018; 33,13 ₴ ;;
29.09.2018; 33,13 ₴ ;;
30.09.2018; 33,13 ₴ ;;
01.10.2018; 32,73 ₴ ;;
02.10.2018; 32,74 ₴ ;;
03.10.2018; 32,64 ₴ ;;
04.10.2018; 32,70 ₴ ;;
05.10.2018; 32,41 ₴ ;;
06.10.2018; 32,41 ₴ ;;
07.10.2018; 32,41 ₴ ;;
08.10.2018; 32,31 ₴ ;;
09.10.2018; 32,24 ₴ ;;
10.10.2018; 32,11 ₴ ;;
11.10.2018; 32,20 ₴ ;;
12.10.2018; 32,39 ₴ ;;
13.10.2018; 32,39 ₴ ;;
14.10.2018; 32,39 ₴ ;;
15.10.2018; 32,39 ₴ ;;
16.10.2018; 32,32 ₴ ;;
17.10.2018; 32,36 ₴ ;;
18.10.2018; 32,19 ₴ ;;
19.10.2018; 32,26 ₴ ;;
20.10.2018; 32,26 ₴ ;;
21.10.2018; 32,26 ₴ ;;
22.10.2018; 32,32 ₴ ;;
23.10.2018; 32,28 ₴ ;;
24.10.2018; 32,31 ₴ ;;
25.10.2018; 32,13 ₴ ;;
26.10.2018; 32,35 ₴ ;;
27.10.2018; 32,35 ₴ ;;
28.10.2018; 32,35 ₴ ;;
29.10.2018; 32,07 ₴ ;;
30.10.2018; 32,10 ₴ ;;
31.10.2018; 32,03 ₴ ;;
01.11.2018; 31,82 ₴ ;;
02.11.2018; 32,08 ₴ ;;
03.11.2018; 32,08 ₴ ;;
04.11.2018; 32,08 ₴ ;;
05.11.2018; 32,12 ₴ ;;
06.11.2018; 31,85 ₴ ;;
07.11.2018; 31,95 ₴ ;;
08.11.2018; 32,05 ₴ ;;
09.11.2018; 31,90 ₴ ;;
10.11.2018; 31,90 ₴ ;;
11.11.2018; 31,90 ₴ ;;
12.11.2018; 31,65 ₴ ;;
13.11.2018; 31,43 ₴ ;;
14.11.2018; 31,44 ₴ ;;
15.11.2018; 31,45 ₴ ;;
16.11.2018; 31,40 ₴ ;;
17.11.2018; 31,40 ₴ ;;
18.11.2018; 31,40 ₴ ;;
19.11.2018; 31,49 ₴ ;;
20.11.2018; 31,73 ₴ ;;
21.11.2018; 31,71 ₴ ;;
22.11.2018; 31,69 ₴ ;;
23.11.2018; 31,64 ₴ ;;
24.11.2018; 31,64 ₴ ;;
25.11.2018; 31,64 ₴ ;;
26.11.2018; 31,55 ₴ ;;
27.11.2018; 31,70 ₴ ;;
28.11.2018; 31,84 ₴ ;;
29.11.2018; 31,90 ₴ ;;
30.11.2018; 32,33 ₴ ;;
01.12.2018; 32,33 ₴ ;;
02.12.2018; 32,33 ₴ ;;
03.12.2018; 32,06 ₴ ;;
04.12.2018; 31,93 ₴ ;;
05.12.2018; 32,09 ₴ ;;
06.12.2018; 31,76 ₴ ;;
07.12.2018; 31,65 ₴ ;;
08.12.2018; 31,65 ₴ ;;
09.12.2018; 31,65 ₴ ;;
10.12.2018; 31,64 ₴ ;;
11.12.2018; 31,74 ₴ ;;
12.12.2018; 31,53 ₴ ;;
13.12.2018; 31,55 ₴ ;;
14.12.2018; 31,69 ₴ ;;
15.12.2018; 31,69 ₴ ;;
16.12.2018; 31,69 ₴ ;;
17.12.2018; 31,41 ₴ ;;
18.12.2018; 31,63 ₴ ;;
19.12.2018; 31,68 ₴ ;;
20.12.2018; 31,61 ₴ ;;
21.12.2018; 31,58 ₴ ;;
22.12.2018; 31,31 ₴ ;;
23.12.2018; 31,31 ₴ ;;
24.12.2018; 31,31 ₴ ;;
25.12.2018; 31,31 ₴ ;;
26.12.2018; 31,31 ₴ ;;
27.12.2018; 31,11 ₴ ;;
28.12.2018; 31,24 ₴ ;;
29.12.2018; 31,71 ₴ ;;
30.12.2018; 31,71 ₴ ;;
31.12.2018; 31,71 ₴ ;;
01.01.2019; 31,71 ₴ ;;
02.01.2019; 31,71 ₴ ;;
03.01.2019; 31,71 ₴ ;;
04.01.2019; 31,22 ₴ ;;
05.01.2019; 31,22 ₴ ;;
06.01.2019; 31,22 ₴ ;;
07.01.2019; 31,22 ₴ ;;
08.01.2019; 31,60 ₴ ;;
09.01.2019; 32,06 ₴ ;;
10.01.2019; 32,21 ₴ ;;
11.01.2019; 32,61 ₴ ;;
12.01.2019; 32,61 ₴ ;;
13.01.2019; 32,61 ₴ ;;
14.01.2019; 32,47 ₴ ;;
15.01.2019; 32,13 ₴ ;;
16.01.2019; 32,18 ₴ ;;
17.01.2019; 31,90 ₴ ;;
18.01.2019; 31,95 ₴ ;;
19.01.2019; 31,95 ₴ ;;
20.01.2019; 31,95 ₴ ;;
21.01.2019; 31,90 ₴ ;;
22.01.2019; 31,76 ₴ ;;
23.01.2019; 31,67 ₴ ;;
24.01.2019; 31,49 ₴ ;;
25.01.2019; 31,51 ₴ ;;
26.01.2019; 31,51 ₴ ;;
27.01.2019; 31,51 ₴ ;;
28.01.2019; 31,56 ₴ ;;
29.01.2019; 31,73 ₴ ;;
30.01.2019; 31,72 ₴ ;;
31.01.2019; 31,72 ₴ ;;
01.02.2019; 31,87 ₴ ;;
02.02.2019; 31,87 ₴ ;;
03.02.2019; 31,87 ₴ ;;
04.02.2019; 31,63 ₴ ;;
05.02.2019; 31,39 ₴ ;;
06.02.2019; 31,09 ₴ ;;
07.02.2019; 30,72 ₴ ;;
08.02.2019; 30,59 ₴ ;;
09.02.2019; 30,59 ₴ ;;
10.02.2019; 30,59 ₴ ;;
11.02.2019; 30,52 ₴ ;;
12.02.2019; 30,60 ₴ ;;
13.02.2019; 30,51 ₴ ;;
14.02.2019; 30,63 ₴ ;;
15.02.2019; 30,60 ₴ ;;
16.02.2019; 30,60 ₴ ;;
17.02.2019; 30,60 ₴ ;;
18.02.2019; 30,68 ₴ ;;
19.02.2019; 30,80 ₴ ;;
20.02.2019; 30,69 ₴ ;;
21.02.2019; 30,72 ₴ ;;
22.02.2019; 30,66 ₴ ;;
23.02.2019; 30,66 ₴ ;;
24.02.2019; 30,66 ₴ ;;
25.02.2019; 30,60 ₴ ;;
26.02.2019; 30,65 ₴ ;;
27.02.2019; 30,65 ₴ ;;
28.02.2019; 30,73 ₴ ;;
01.03.2019; 30,66 ₴ ;;
02.03.2019; 30,66 ₴ ;;
03.03.2019; 30,66 ₴ ;;
04.03.2019; 30,58 ₴ ;;
05.03.2019; 30,41 ₴ ;;
06.03.2019; 30,32 ₴ ;;
07.03.2019; 29,94 ₴ ;;
08.03.2019; 29,94 ₴ ;;
09.03.2019; 29,94 ₴ ;;
10.03.2019; 29,94 ₴ ;;
11.03.2019; 29,74 ₴ ;;
12.03.2019; 29,59 ₴ ;;
13.03.2019; 29,72 ₴ ;;
14.03.2019; 30,18 ₴ ;;
15.03.2019; 30,18 ₴ ;;
16.03.2019; 30,18 ₴ ;;
17.03.2019; 30,18 ₴ ;;
18.03.2019; 30,55 ₴ ;;
19.03.2019; 30,79 ₴ ;;
20.03.2019; 30,85 ₴ ;;
21.03.2019; 30,85 ₴ ;;
22.03.2019; 31,04 ₴ ;;
23.03.2019; 31,04 ₴ ;;
24.03.2019; 31,04 ₴ ;;
25.03.2019; 30,47 ₴ ;;
26.03.2019; 30,45 ₴ ;;
27.03.2019; 30,46 ₴ ;;
28.03.2019; 30,50 ₴ ;;
29.03.2019; 30,57 ₴ ;;
30.03.2019; 30,57 ₴ ;;
31.03.2019; 30,57 ₴ ;;
01.04.2019; 30,57 ₴ ;;
02.04.2019; 30,55 ₴ ;;
03.04.2019; 30,21 ₴ ;;
04.04.2019; 30,45 ₴ ;;
05.04.2019; 30,32 ₴ ;;
06.04.2019; 30,32 ₴ ;;
07.04.2019; 30,32 ₴ ;;
08.04.2019; 30,07 ₴ ;;
09.04.2019; 29,96 ₴ ;;
10.04.2019; 30,11 ₴ ;;
11.04.2019; 30,19 ₴ ;;
12.04.2019; 30,22 ₴ ;;
13.04.2019; 30,22 ₴ ;;
14.04.2019; 30,22 ₴ ;;
15.04.2019; 30,24 ₴ ;;
16.04.2019; 30,33 ₴ ;;
17.04.2019; 30,21 ₴ ;;
18.04.2019; 30,16 ₴ ;;
19.04.2019; 30,19 ₴ ;;
20.04.2019; 30,19 ₴ ;;
21.04.2019; 30,19 ₴ ;;
22.04.2019; 30,21 ₴ ;;
23.04.2019; 30,12 ₴ ;;
24.04.2019; 30,01 ₴ ;;
25.04.2019; 29,81 ₴ ;;
26.04.2019; 29,61 ₴ ;;
27.04.2019; 29,61 ₴ ;;
28.04.2019; 29,61 ₴ ;;
29.04.2019; 29,61 ₴ ;;
30.04.2019; 29,61 ₴ ;;
01.05.2019; 29,61 ₴ ;;
02.05.2019; 29,49 ₴ ;;
03.05.2019; 29,78 ₴ ;;
04.05.2019; 29,78 ₴ ;;
05.05.2019; 29,78 ₴ ;;
06.05.2019; 29,54 ₴ ;;
07.05.2019; 29,67 ₴ ;;
08.05.2019; 29,46 ₴ ;;
09.05.2019; 29,46 ₴ ;;
10.05.2019; 29,40 ₴ ;;
11.05.2019; 29,43 ₴ ;;
12.05.2019; 29,43 ₴ ;;
13.05.2019; 29,43 ₴ ;;
14.05.2019; 29,36 ₴ ;;
15.05.2019; 29,37 ₴ ;;
16.05.2019; 29,49 ₴ ;;
17.05.2019; 29,51 ₴ ;;
18.05.2019; 29,51 ₴ ;;
19.05.2019; 29,51 ₴ ;;
20.05.2019; 29,46 ₴ ;;
21.05.2019; 29,26 ₴ ;;
22.05.2019; 29,14 ₴ ;;
23.05.2019; 29,38 ₴ ;;
24.05.2019; 29,34 ₴ ;;
25.05.2019; 29,34 ₴ ;;
26.05.2019; 29,34 ₴ ;;
27.05.2019; 29,62 ₴ ;;
28.05.2019; 29,48 ₴ ;;
29.05.2019; 29,55 ₴ ;;
30.05.2019; 29,77 ₴ ;;
31.05.2019; 29,92 ₴ ;;
01.06.2019; 29,92 ₴ ;;
02.06.2019; 29,92 ₴ ;;
03.06.2019; 29,95 ₴ ;;
04.06.2019; 30,15 ₴ ;;
05.06.2019; 30,59 ₴ ;;
06.06.2019; 30,32 ₴ ;;
07.06.2019; 30,19 ₴ ;;
08.06.2019; 30,19 ₴ ;;
09.06.2019; 30,19 ₴ ;;
10.06.2019; 29,98 ₴ ;;
11.06.2019; 29,81 ₴ ;;
12.06.2019; 29,77 ₴ ;;
13.06.2019; 29,89 ₴ ;;
14.06.2019; 29,82 ₴ ;;
15.06.2019; 29,82 ₴ ;;
16.06.2019; 29,82 ₴ ;;
17.06.2019; 29,82 ₴ ;;
18.06.2019; 29,76 ₴ ;;
19.06.2019; 29,52 ₴ ;;
20.06.2019; 29,51 ₴ ;;
21.06.2019; 29,82 ₴ ;;
22.06.2019; 29,82 ₴ ;;
23.06.2019; 29,82 ₴ ;;
24.06.2019; 29,72 ₴ ;;
25.06.2019; 29,84 ₴ ;;
26.06.2019; 29,83 ₴ ;;
27.06.2019; 29,73 ₴ ;;
28.06.2019; 29,73 ₴ ;;
29.06.2019; 29,73 ₴ ;;
30.06.2019; 29,73 ₴ ;;
01.07.2019; 29,76 ₴ ;;
02.07.2019; 29,74 ₴ ;;
03.07.2019; 29,58 ₴ ;;
04.07.2019; 29,41 ₴ ;;
05.07.2019; 29,20 ₴ ;;
06.07.2019; 29,20 ₴ ;;
07.07.2019; 29,20 ₴ ;;
08.07.2019; 28,95 ₴ ;;
09.07.2019; 28,71 ₴ ;;
10.07.2019; 28,56 ₴ ;;
11.07.2019; 28,84 ₴ ;;
12.07.2019; 29,12 ₴ ;;
13.07.2019; 29,12 ₴ ;;
14.07.2019; 29,12 ₴ ;;
15.07.2019; 28,99 ₴ ;;
16.07.2019; 29,01 ₴ ;;
17.07.2019; 29,03 ₴ ;;
18.07.2019; 29,00 ₴ ;;
19.07.2019; 29,20 ₴ ;;
20.07.2019; 29,20 ₴ ;;
21.07.2019; 29,20 ₴ ;;
22.07.2019; 28,98 ₴ ;;
23.07.2019; 28,76 ₴ ;;
24.07.2019; 28,64 ₴ ;;
25.07.2019; 28,43 ₴ ;;
26.07.2019; 28,33 ₴ ;;
27.07.2019; 28,33 ₴ ;;
28.07.2019; 28,33 ₴ ;;
29.07.2019; 28,33 ₴ ;;
30.07.2019; 28,08 ₴ ;;
31.07.2019; 27,98 ₴ ;;
01.08.2019; 27,90 ₴ ;;
02.08.2019; 27,98 ₴ ;;
03.08.2019; 27,98 ₴ ;;
04.08.2019; 27,98 ₴ ;;
05.08.2019; 28,36 ₴ ;;
06.08.2019; 28,78 ₴ ;;
07.08.2019; 28,63 ₴ ;;
08.08.2019; 28,48 ₴ ;;
09.08.2019; 28,34 ₴ ;;
10.08.2019; 28,34 ₴ ;;
11.08.2019; 28,34 ₴ ;;
12.08.2019; 28,10 ₴ ;;
13.08.2019; 28,16 ₴ ;;
14.08.2019; 28,22 ₴ ;;
15.08.2019; 28,25 ₴ ;;
16.08.2019; 28,23 ₴ ;;
17.08.2019; 28,23 ₴ ;;
18.08.2019; 28,23 ₴ ;;
19.08.2019; 27,85 ₴ ;;
20.08.2019; 27,95 ₴ ;;
21.08.2019; 27,84 ₴ ;;
22.08.2019; 27,99 ₴ ;;
23.08.2019; 27,75 ₴ ;;
24.08.2019; 27,75 ₴ ;;
25.08.2019; 27,75 ₴ ;;
26.08.2019; 27,75 ₴ ;;
27.08.2019; 27,73 ₴ ;;
28.08.2019; 27,94 ₴ ;;
29.08.2019; 27,95 ₴ ;;
30.08.2019; 27,94 ₴ ;;
31.08.2019; 27,94 ₴ ;;
01.09.2019; 27,94 ₴ ;;
02.09.2019; 27,75 ₴ ;;
03.09.2019; 27,71 ₴ ;;
04.09.2019; 27,67 ₴ ;;
05.09.2019; 27,84 ₴ ;;
06.09.2019; 27,99 ₴ ;;
07.09.2019; 27,99 ₴ ;;
08.09.2019; 27,99 ₴ ;;
09.09.2019; 27,66 ₴ ;;
10.09.2019; 27,61 ₴ ;;
11.09.2019; 27,47 ₴ ;;
12.09.2019; 27,47 ₴ ;;
13.09.2019; 27,22 ₴ ;;
14.09.2019; 27,22 ₴ ;;
15.09.2019; 27,22 ₴ ;;
16.09.2019; 27,42 ₴ ;;
17.09.2019; 27,33 ₴ ;;
18.09.2019; 27,31 ₴ ;;
19.09.2019; 27,27 ₴ ;;
20.09.2019; 27,24 ₴ ;;
21.09.2019; 27,24 ₴ ;;
22.09.2019; 27,24 ₴ ;;
23.09.2019; 26,95 ₴ ;;
24.09.2019; 26,72 ₴ ;;
25.09.2019; 26,64 ₴ ;;
26.09.2019; 26,49 ₴ ;;
27.09.2019; 26,46 ₴ ;;
28.09.2019; 26,46 ₴ ;;
29.09.2019; 26,46 ₴ ;;
30.09.2019; 26,33 ₴ ;;
01.10.2019; 26,35 ₴ ;;
02.10.2019; 26,76 ₴ ;;
03.10.2019; 27,16 ₴ ;;
04.10.2019; 27,24 ₴ ;;
05.10.2019; 27,24 ₴ ;;
06.10.2019; 27,24 ₴ ;;
07.10.2019; 27,02 ₴ ;;
08.10.2019; 27,34 ₴ ;;
09.10.2019; 27,14 ₴ ;;
10.10.2019; 27,12 ₴ ;;
11.10.2019; 27,06 ₴ ;;
12.10.2019; 27,06 ₴ ;;
13.10.2019; 27,06 ₴ ;;
14.10.2019; 27,06 ₴ ;;
15.10.2019; 27,10 ₴ ;;
16.10.2019; 27,28 ₴ ;;
17.10.2019; 27,38 ₴ ;;
18.10.2019; 27,49 ₴ ;;
19.10.2019; 27,49 ₴ ;;
20.10.2019; 27,49 ₴ ;;
21.10.2019; 27,90 ₴ ;;
22.10.2019; 27,90 ₴ ;;
23.10.2019; 27,65 ₴ ;;
24.10.2019; 27,69 ₴ ;;
25.10.2019; 27,95 ₴ ;;
26.10.2019; 27,95 ₴ ;;
27.10.2019; 27,95 ₴ ;;
28.10.2019; 27,96 ₴ ;;
29.10.2019; 27,79 ₴ ;;
30.10.2019; 27,86 ₴ ;;
31.10.2019; 27,76 ₴ ;;
01.11.2019; 27,68 ₴ ;;
02.11.2019; 27,68 ₴ ;;
03.11.2019; 27,68 ₴ ;;
04.11.2019; 27,56 ₴ ;;
05.11.2019; 27,67 ₴ ;;
06.11.2019; 27,46 ₴ ;;
07.11.2019; 27,35 ₴ ;;
08.11.2019; 27,16 ₴ ;;
09.11.2019; 27,16 ₴ ;;
10.11.2019; 27,16 ₴ ;;
11.11.2019; 27,04 ₴ ;;
12.11.2019; 27,06 ₴ ;;
13.11.2019; 26,94 ₴ ;;
14.11.2019; 26,76 ₴ ;;
15.11.2019; 26,66 ₴ ;;
16.11.2019; 26,66 ₴ ;;
17.11.2019; 26,66 ₴ ;;
18.11.2019; 26,72 ₴ ;;
19.11.2019; 26,70 ₴ ;;
20.11.2019; 26,81 ₴ ;;
21.11.2019; 26,74 ₴ ;;
22.11.2019; 26,83 ₴ ;;
23.11.2019; 26,83 ₴ ;;
24.11.2019; 26,83 ₴ ;;
25.11.2019; 26,72 ₴ ;;
26.11.2019; 26,48 ₴ ;;
27.11.2019; 26,43 ₴ ;;
28.11.2019; 26,40 ₴ ;;
29.11.2019; 26,45 ₴ ;;
30.11.2019; 26,45 ₴ ;;
01.12.2019; 26,45 ₴ ;;
02.12.2019; 26,33 ₴ ;;
03.12.2019; 26,41 ₴ ;;
04.12.2019; 26,50 ₴ ;;
05.12.2019; 26,52 ₴ ;;
06.12.2019; 26,49 ₴ ;;
07.12.2019; 26,49 ₴ ;;
08.12.2019; 26,49 ₴ ;;
09.12.2019; 26,32 ₴ ;;
10.12.2019; 26,24 ₴ ;;
11.12.2019; 26,24 ₴ ;;
12.12.2019; 26,14 ₴ ;;
13.12.2019; 26,24 ₴ ;;
14.12.2019; 26,24 ₴ ;;
15.12.2019; 26,24 ₴ ;;
16.12.2019; 26,26 ₴ ;;
17.12.2019; 26,18 ₴ ;;
18.12.2019; 26,20 ₴ ;;
19.12.2019; 26,02 ₴ ;;
20.12.2019; 25,98 ₴ ;;
21.12.2019; 25,88 ₴ ;;
22.12.2019; 25,88 ₴ ;;
23.12.2019; 25,85 ₴ ;;
24.12.2019; 25,78 ₴ ;;
25.12.2019; 25,78 ₴ ;;
26.12.2019; 25,77 ₴ ;;
27.12.2019; 25,81 ₴ ;;100
28.12.2019; 26,42 ₴ ;;
29.12.2019; 26,42 ₴ ;;
30.12.2019; 26,42 ₴ ;;
31.12.2019; 26,42 ₴ ;;
01.01.2020; 26,42 ₴ ;;
02.01.2020; 26,42 ₴ ;;
03.01.2020; 26,42 ₴ ;;
04.01.2020; 26,42 ₴ ;;
05.01.2020; 26,42 ₴ ;;
06.01.2020; 26,42 ₴ ;;
07.01.2020; 26,42 ₴ ;;
08.01.2020; 26,39 ₴ ;;
09.01.2020; 26,49 ₴ ;;
10.01.2020; 26,80 ₴ ;;
11.01.2020; 26,59 ₴ ;;
12.01.2020; 26,59 ₴ ;;
13.01.2020; 26,59 ₴ ;;
14.01.2020; 26,62 ₴ ;;
15.01.2020; 26,69 ₴ ;;
16.01.2020; 26,73 ₴ ;;
17.01.2020; 26,90 ₴ ;;
18.01.2020; 26,90 ₴ ;;
19.01.2020; 26,90 ₴ ;;
20.01.2020; 26,94 ₴ ;;
21.01.2020; 26,96 ₴ ;;
22.01.2020; 26,97 ₴ ;;
23.01.2020; 26,98 ₴ ;;
24.01.2020; 27,20 ₴ ;;
25.01.2020; 27,20 ₴ ;;
26.01.2020; 27,20 ₴ ;;
27.01.2020; 26,85 ₴ ;;
28.01.2020; 27,12 ₴ ;;
29.01.2020; 27,21 ₴ ;;
30.01.2020; 27,33 ₴ ;;
31.01.2020; 27,48 ₴ ;;
01.02.2020; 27,48 ₴ ;;
02.02.2020; 27,48 ₴ ;;
03.02.2020; 27,66 ₴ ;;
04.02.2020; 27,75 ₴ ;;
05.02.2020; 27,46 ₴ ;;
06.02.2020; 27,32 ₴ ;;
07.02.2020; 27,04 ₴ ;;
08.02.2020; 27,04 ₴ ;;
09.02.2020; 27,04 ₴ ;;
10.02.2020; 26,90 ₴ ;;
11.02.2020; 26,85 ₴ ;;
12.02.2020; 26,62 ₴ ;;
13.02.2020; 26,72 ₴ ;;
14.02.2020; 26,59 ₴ ;;
15.02.2020; 26,59 ₴ ;;
16.02.2020; 26,59 ₴ ;;
17.02.2020; 26,49 ₴ ;;
18.02.2020; 26,50 ₴ ;;
19.02.2020; 26,43 ₴ ;;
20.02.2020; 26,49 ₴ ;;
21.02.2020; 26,42 ₴ ;;
22.02.2020; 26,42 ₴ ;;
23.02.2020; 26,42 ₴ ;;
24.02.2020; 26,41 ₴ ;;
25.02.2020; 26,51 ₴ ;;
26.02.2020; 26,60 ₴ ;;
27.02.2020; 26,80 ₴ ;;
28.02.2020; 26,93 ₴ ;;
29.02.2020; 26,93 ₴ ;;
01.03.2020; 26,93 ₴ ;;
02.03.2020; 26,98 ₴ ;;
03.03.2020; 27,61 ₴ ;;
04.03.2020; 27,69 ₴ ;;
05.03.2020; 27,70 ₴ ;;
06.03.2020; 27,69 ₴ ;;
07.03.2020; 27,69 ₴ ;;
08.03.2020; 27,69 ₴ ;;
09.03.2020; 27,69 ₴ ;;
10.03.2020; 28,23 ₴ ;;
11.03.2020; 28,79 ₴ ;;
12.03.2020; 29,05 ₴ ;;
13.03.2020; 29,05 ₴ ;;
14.03.2020; 29,05 ₴ ;;
15.03.2020; 29,05 ₴ ;;
16.03.2020; 28,99 ₴ ;;
17.03.2020; 29,52 ₴ ;;
18.03.2020; 29,73 ₴ ;;
19.03.2020; 29,79 ₴ ;;
20.03.2020; 30,09 ₴ ;;
21.03.2020; 30,09 ₴ ;;
22.03.2020; 30,09 ₴ ;;
23.03.2020; 29,64 ₴ ;;
24.03.2020; 30,25 ₴ ;;
25.03.2020; 30,11 ₴ ;;
26.03.2020; 30,27 ₴ ;;
27.03.2020; 30,86 ₴ ;;
28.03.2020; 30,86 ₴ ;;
29.03.2020; 30,86 ₴ ;;
30.03.2020; 30,90 ₴ ;;
31.03.2020; 30,96 ₴ ;;
01.04.2020; 30,26 ₴ ;;
02.04.2020; 30,32 ₴ ;;
03.04.2020; 30,08 ₴ ;;
04.04.2020; 30,08 ₴ ;;
05.04.2020; 30,08 ₴ ;;
06.04.2020; 29,56 ₴ ;;
07.04.2020; 29,38 ₴ ;;
08.04.2020; 29,57 ₴ ;;
09.04.2020; 29,58 ₴ ;;
10.04.2020; 29,64 ₴ ;;
11.04.2020; 29,64 ₴ ;;
12.04.2020; 29,64 ₴ ;;
13.04.2020; 29,56 ₴ ;;
14.04.2020; 29,54 ₴ ;;
15.04.2020; 29,71 ₴ ;;
16.04.2020; 29,64 ₴ ;;
17.04.2020; 29,63 ₴ ;;
18.04.2020; 29,63 ₴ ;;
19.04.2020; 29,63 ₴ ;;
20.04.2020; 29,63 ₴ ;;
21.04.2020; 29,43 ₴ ;;
22.04.2020; 29,36 ₴ ;;
23.04.2020; 29,42 ₴ ;;
24.04.2020; 29,14 ₴ ;;
25.04.2020; 29,14 ₴ ;;
26.04.2020; 29,14 ₴ ;;
27.04.2020; 29,33 ₴ ;;
28.04.2020; 29,42 ₴ ;;
29.04.2020; 29,43 ₴ ;;
30.04.2020; 29,24 ₴ ;;
01.05.2020; 29,24 ₴ ;;
02.05.2020; 29,24 ₴ ;;
03.05.2020; 29,24 ₴ ;;
04.05.2020; 29,29 ₴ ;;
05.05.2020; 29,51 ₴ ;;
06.05.2020; 29,27 ₴ ;;
07.05.2020; 29,10 ₴ ;;
08.05.2020; 28,91 ₴ ;;
09.05.2020; 28,91 ₴ ;;
10.05.2020; 28,91 ₴ ;;
11.05.2020; 28,91 ₴ ;;
12.05.2020; 29,10 ₴ ;;
13.05.2020; 29,08 ₴ ;;
14.05.2020; 29,03 ₴ ;;
15.05.2020; 28,79 ₴ ;;
16.05.2020; 28,79 ₴ ;;
17.05.2020; 28,79 ₴ ;;
18.05.2020; 28,77 ₴ ;;
19.05.2020; 28,79 ₴ ;;
20.05.2020; 29,02 ₴ ;;
21.05.2020; 29,14 ₴ ;;
22.05.2020; 29,46 ₴ ;;
23.05.2020; 29,46 ₴ ;;
24.05.2020; 29,46 ₴ ;;
25.05.2020; 29,17 ₴ ;;
26.05.2020; 29,32 ₴ ;;
27.05.2020; 29,51 ₴ ;;
28.05.2020; 29,72 ₴ ;;
29.05.2020; 29,62 ₴ ;;
30.05.2020; 29,62 ₴ ;;
31.05.2020; 29,62 ₴ ;;
01.06.2020; 29,93 ₴ ;;
02.06.2020; 29,80 ₴ ;;
03.06.2020; 29,92 ₴ ;;
04.06.2020; 29,96 ₴ ;;
05.06.2020; 30,00 ₴ ;;
06.06.2020; 30,00 ₴ ;;
07.06.2020; 30,00 ₴ ;;
08.06.2020; 30,00 ₴ ;;
09.06.2020; 30,15 ₴ ;;
10.06.2020; 30,09 ₴ ;;
11.06.2020; 30,29 ₴ ;;
12.06.2020; 30,17 ₴ ;;
13.06.2020; 30,17 ₴ ;;
14.06.2020; 30,17 ₴ ;;
15.06.2020; 30,21 ₴ ;;
16.06.2020; 30,21 ₴ ;;
17.06.2020; 30,24 ₴ ;;
18.06.2020; 30,07 ₴ ;;
19.06.2020; 30,06 ₴ ;;
20.06.2020; 30,06 ₴ ;;
21.06.2020; 30,06 ₴ ;;
22.06.2020; 30,00 ₴ ;;
23.06.2020; 29,90 ₴ ;;
24.06.2020; 30,12 ₴ ;;
25.06.2020; 30,07 ₴ ;;
26.06.2020; 29,91 ₴ ;;
27.06.2020; 29,91 ₴ ;;
28.06.2020; 29,91 ₴ ;;
29.06.2020; 29,91 ₴ ;;
30.06.2020; 29,95 ₴ ;;
01.07.2020; 29,87 ₴ ;;
02.07.2020; 30,00 ₴ ;;
03.07.2020; 30,66 ₴ ;;
04.07.2020; 30,66 ₴ ;;
05.07.2020; 30,66 ₴ ;;
06.07.2020; 30,51 ₴ ;;
07.07.2020; 30,72 ₴ ;;
08.07.2020; 30,41 ₴ ;;
09.07.2020; 30,43 ₴ ;;
10.07.2020; 30,54 ₴ ;;
11.07.2020; 30,54 ₴ ;;
12.07.2020; 30,54 ₴ ;;
13.07.2020; 30,40 ₴ ;;
14.07.2020; 30,69 ₴ ;;
15.07.2020; 30,87 ₴ ;;
16.07.2020; 31,03 ₴ ;;
17.07.2020; 31,13 ₴ ;;
18.07.2020; 31,13 ₴ ;;
19.07.2020; 31,13 ₴ ;;
20.07.2020; 31,26 ₴ ;;
21.07.2020; 31,59 ₴ ;;
22.07.2020; 31,67 ₴ ;;
23.07.2020; 32,19 ₴ ;;
24.07.2020; 32,24 ₴ ;;
25.07.2020; 32,24 ₴ ;;
26.07.2020; 32,24 ₴ ;;
27.07.2020; 32,22 ₴ ;;
28.07.2020; 32,60 ₴ ;;
29.07.2020; 32,45 ₴ ;;
30.07.2020; 32,47 ₴ ;;
31.07.2020; 32,55 ₴ ;;
01.08.2020; 32,55 ₴ ;;
02.08.2020; 32,55 ₴ ;;
03.08.2020; 32,78 ₴ ;;
04.08.2020; 32,52 ₴ ;;
05.08.2020; 32,72 ₴ ;;
06.08.2020; 32,90 ₴ ;;
07.08.2020; 32,80 ₴ ;;
08.08.2020; 32,80 ₴ ;;
09.08.2020; 32,80 ₴ ;;
10.08.2020; 32,68 ₴ ;;
11.08.2020; 32,47 ₴ ;;
12.08.2020; 32,56 ₴ ;;
13.08.2020; 32,40 ₴ ;;
14.08.2020; 32,42 ₴ ;;
15.08.2020; 32,42 ₴ ;;
16.08.2020; 32,42 ₴ ;;
17.08.2020; 32,31 ₴ ;;
18.08.2020; 32,37 ₴ ;;
19.08.2020; 32,50 ₴ ;;
20.08.2020; 32,60 ₴ ;;
21.08.2020; 32,55 ₴ ;;
22.08.2020; 32,55 ₴ ;;
23.08.2020; 32,55 ₴ ;;
24.08.2020; 32,55 ₴ ;;
25.08.2020; 32,24 ₴ ;;
26.08.2020; 32,41 ₴ ;;
27.08.2020; 32,28 ₴ ;;
28.08.2020; 32,43 ₴ ;;
29.08.2020; 32,43 ₴ ;;
30.08.2020; 32,43 ₴ ;;
31.08.2020; 32,73 ₴ ;;
01.09.2020; 32,90 ₴ ;;
02.09.2020; 33,07 ₴ ;;
03.09.2020; 32,80 ₴ ;;
04.09.2020; 32,73 ₴ ;;
05.09.2020; 32,73 ₴ ;;
06.09.2020; 32,73 ₴ ;;
07.09.2020; 32,86 ₴ ;;
08.09.2020; 32,81 ₴ ;;
09.09.2020; 32,80 ₴ ;;
10.09.2020; 32,77 ₴ ;;
11.09.2020; 32,97 ₴ ;;
12.09.2020; 32,97 ₴ ;;
13.09.2020; 32,97 ₴ ;;
14.09.2020; 33,07 ₴ ;;
15.09.2020; 33,25 ₴ ;;
16.09.2020; 33,34 ₴ ;;
17.09.2020; 33,39 ₴ ;;
18.09.2020; 33,17 ₴ ;;
19.09.2020; 33,17 ₴ ;;
20.09.2020; 33,17 ₴ ;;
21.09.2020; 33,35 ₴ ;;
22.09.2020; 33,20 ₴ ;;
23.09.2020; 33,12 ₴ ;;
24.09.2020; 32,96 ₴ ;;
25.09.2020; 32,89 ₴ ;;
26.09.2020; 32,89 ₴ ;;
27.09.2020; 32,89 ₴ ;;
28.09.2020; 32,88 ₴ ;;
29.09.2020; 33,04 ₴ ;;
30.09.2020; 33,13 ₴ ;;
01.10.2020; 33,16 ₴ ;;
02.10.2020; 33,33 ₴ ;;
03.10.2020; 33,33 ₴ ;;
04.10.2020; 33,33 ₴ ;;
05.10.2020; 33,23 ₴ ;;
06.10.2020; 33,40 ₴ ;;
07.10.2020; 33,48 ₴ ;;
08.10.2020; 33,33 ₴ ;;
09.10.2020; 33,28 ₴ ;;
10.10.2020; 33,28 ₴ ;;
11.10.2020; 33,28 ₴ ;;
12.10.2020; 33,28 ₴ ;;
13.10.2020; 33,34 ₴ ;;
14.10.2020; 33,34 ₴ ;;
15.10.2020; 33,39 ₴ ;;
16.10.2020; 33,18 ₴ ;;
17.10.2020; 33,18 ₴ ;;
18.10.2020; 33,18 ₴ ;;
19.10.2020; 33,30 ₴ ;;
20.10.2020; 33,43 ₴ ;;
21.10.2020; 33,50 ₴ ;;
22.10.2020; 33,53 ₴ ;;
23.10.2020; 33,41 ₴ ;;
24.10.2020; 33,41 ₴ ;;
25.10.2020; 33,41 ₴ ;;
26.10.2020; 33,55 ₴ ;;
27.10.2020; 33,49 ₴ ;;
28.10.2020; 33,56 ₴ ;;
29.10.2020; 33,31 ₴ ;;
30.10.2020; 33,30 ₴ ;;
31.10.2020; 33,30 ₴ ;;
01.11.2020; 33,30 ₴ ;;
02.11.2020; 33,25 ₴ ;;
03.11.2020; 33,29 ₴ ;;
04.11.2020; 33,48 ₴ ;;
05.11.2020; 33,42 ₴ ;;
06.11.2020; 33,58 ₴ ;;
07.11.2020; 33,58 ₴ ;;
08.11.2020; 33,58 ₴ ;;
09.11.2020; 33,42 ₴ ;;
10.11.2020; 33,39 ₴ ;;
11.11.2020; 33,20 ₴ ;;
12.11.2020; 33,14 ₴ ;;
13.11.2020; 33,27 ₴ ;;
14.11.2020; 33,27 ₴ ;;
15.11.2020; 33,27 ₴ ;;
16.11.2020; 33,21 ₴ ;;
17.11.2020; 33,24 ₴ ;;
18.11.2020; 33,40 ₴ ;;
19.11.2020; 33,36 ₴ ;;
20.11.2020; 33,44 ₴ ;;
21.11.2020; 33,44 ₴ ;;
22.11.2020; 33,44 ₴ ;;
23.11.2020; 33,63 ₴ ;;
24.11.2020; 33,76 ₴ ;;
25.11.2020; 33,68 ₴ ;;
26.11.2020; 33,78 ₴ ;;
27.11.2020; 33,85 ₴ ;;
28.11.2020; 33,85 ₴ ;;
29.11.2020; 33,85 ₴ ;;
30.11.2020; 33,96 ₴ ;;
01.12.2020; 34,15 ₴ ;;
02.12.2020; 34,22 ₴ ;;
03.12.2020; 34,32 ₴ ;;
04.12.2020; 34,40 ₴ ;;
05.12.2020; 34,40 ₴ ;;
06.12.2020; 34,40 ₴ ;;
07.12.2020; 34,39 ₴ ;;
08.12.2020; 34,26 ₴ ;;
09.12.2020; 34,05 ₴ ;;
10.12.2020; 33,96 ₴ ;;
11.12.2020; 33,99 ₴ ;;
12.12.2020; 33,99 ₴ ;;
13.12.2020; 33,99 ₴ ;;
14.12.2020; 33,89 ₴ ;;
15.12.2020; 33,89 ₴ ;;
16.12.2020; 33,69 ₴ ;;
17.12.2020; 33,80 ₴ ;;
18.12.2020; 34,08 ₴ ;;
19.12.2020; 34,08 ₴ ;;
20.12.2020; 34,08 ₴ ;;
21.12.2020; 34,10 ₴ ;;
22.12.2020; 34,18 ₴ ;;
23.12.2020; 34,57 ₴ ;;
24.12.2020; 34,62 ₴ ;;
25.12.2020; 34,62 ₴ ;;
26.12.2020; 34,62 ₴ ;;
27.12.2020; 34,62 ₴ ;;
28.12.2020; 34,56 ₴ ;;
29.12.2020; 34,65 ₴ ;;
30.12.2020; 34,64 ₴ ;;
31.12.2020; 34,74 ₴ ;;
01.01.2021; 34,74 ₴ ;;
02.01.2021; 34,74 ₴ ;;
03.01.2021; 34,74 ₴ ;;
04.01.2021; 34,74 ₴ ;;
05.01.2021; 34,94 ₴ ;;
06.01.2021; 34,85 ₴ ;;
07.01.2021; 34,85 ₴ ;;
08.01.2021; 34,85 ₴ ;;
09.01.2021; 34,85 ₴ ;;
10.01.2021; 34,85 ₴ ;;
11.01.2021; 34,91 ₴ ;;
12.01.2021; 34,28 ₴ ;;
13.01.2021; 34,08 ₴ ;;
14.01.2021; 34,04 ₴ ;;
15.01.2021; 33,99 ₴ ;;
16.01.2021; 34,01 ₴ ;;
17.01.2021; 34,01 ₴ ;;
18.01.2021; 34,01 ₴ ;;
19.01.2021; 34,02 ₴ ;;
20.01.2021; 34,16 ₴ ;;
21.01.2021; 34,15 ₴ ;;
22.01.2021; 34,37 ₴ ;;
23.01.2021; 34,37 ₴ ;;
24.01.2021; 34,37 ₴ ;;
25.01.2021; 34,25 ₴ ;;
26.01.2021; 34,23 ₴ ;;
27.01.2021; 34,19 ₴ ;;
28.01.2021; 34,12 ₴ ;;
29.01.2021; 34,10 ₴ ;;
30.01.2021; 34,10 ₴ ;;
31.01.2021; 34,10 ₴ ;;
01.02.2021; 34,16 ₴ ;;
02.02.2021; 33,90 ₴ ;;
03.02.2021; 33,79 ₴ ;;
04.02.2021; 33,64 ₴ ;;
05.02.2021; 33,45 ₴ ;;
06.02.2021; 33,45 ₴ ;;
07.02.2021; 33,45 ₴ ;;
08.02.2021; 33,28 ₴ ;;
09.02.2021; 33,26 ₴ ;;
10.02.2021; 33,44 ₴ ;;
11.02.2021; 33,67 ₴ ;;
12.02.2021; 33,81 ₴ ;;
13.02.2021; 33,81 ₴ ;;
14.02.2021; 33,81 ₴ ;;
15.02.2021; 33,68 ₴ ;;
16.02.2021; 33,93 ₴ ;;
17.02.2021; 33,77 ₴ ;;
18.02.2021; 33,64 ₴ ;;
19.02.2021; 33,65 ₴ ;;
20.02.2021; 33,65 ₴ ;;
21.02.2021; 33,65 ₴ ;;
22.02.2021; 33,78 ₴ ;;
23.02.2021; 33,89 ₴ ;;
24.02.2021; 33,88 ₴ ;;
25.02.2021; 33,93 ₴ ;;
26.02.2021; 34,15 ₴ ;;
27.02.2021; 34,15 ₴ ;;
28.02.2021; 34,15 ₴ ;;
01.03.2021; 33,84 ₴ ;;
02.03.2021; 33,72 ₴ ;;
03.03.2021; 33,60 ₴ ;;
04.03.2021; 33,56 ₴ ;;
05.03.2021; 33,41 ₴ ;;
06.03.2021; 33,41 ₴ ;;
07.03.2021; 33,41 ₴ ;;
08.03.2021; 33,41 ₴ ;;
09.03.2021; 33,08 ₴ ;;
10.03.2021; 32,97 ₴ ;;
11.03.2021; 32,93 ₴ ;;
12.03.2021; 33,17 ₴ ;;
13.03.2021; 33,17 ₴ ;;
14.03.2021; 33,17 ₴ ;;
15.03.2021; 33,08 ₴ ;;
16.03.2021; 32,95 ₴ ;;
17.03.2021; 32,96 ₴ ;;
18.03.2021; 32,99 ₴ ;;
19.03.2021; 32,98 ₴ ;;
20.03.2021; 32,98 ₴ ;;
21.03.2021; 32,98 ₴ ;;
22.03.2021; 32,95 ₴ ;;
23.03.2021; 33,01 ₴ ;;
24.03.2021; 32,93 ₴ ;;
25.03.2021; 32,94 ₴ ;;
26.03.2021; 33,03 ₴ ;;
27.03.2021; 33,03 ₴ ;;
28.03.2021; 33,03 ₴ ;;
29.03.2021; 32,95 ₴ ;;
30.03.2021; 32,97 ₴ ;;
31.03.2021; 32,72 ₴ ;;
01.04.2021; 32,63 ₴ ;;
02.04.2021; 32,70 ₴ ;;
03.04.2021; 32,70 ₴ ;;
04.04.2021; 32,70 ₴ ;;
05.04.2021; 32,84 ₴ ;;
06.04.2021; 32,86 ₴ ;;
07.04.2021; 32,90 ₴ ;;
08.04.2021; 33,14 ₴ ;;
09.04.2021; 33,23 ₴ ;;
10.04.2021; 33,23 ₴ ;;
11.04.2021; 33,23 ₴ ;;
12.04.2021; 33,15 ₴ ;;
13.04.2021; 33,28 ₴ ;;
14.04.2021; 33,32 ₴ ;;
15.04.2021; 33,48 ₴ ;;
16.04.2021; 33,46 ₴ ;;
17.04.2021; 33,46 ₴ ;;
18.04.2021; 33,46 ₴ ;;
19.04.2021; 33,53 ₴ ;;
20.04.2021; 33,71 ₴ ;;
21.04.2021; 33,74 ₴ ;;
22.04.2021; 33,70 ₴ ;;
23.04.2021; 33,81 ₴ ;;
24.04.2021; 33,81 ₴ ;;
25.04.2021; 33,81 ₴ ;;
26.04.2021; 33,67 ₴ ;;
27.04.2021; 33,65 ₴ ;;
28.04.2021; 33,56 ₴ ;;
29.04.2021; 33,53 ₴ ;;
30.04.2021; 33,64 ₴ ;;
01.05.2021; 33,64 ₴ ;;
02.05.2021; 33,64 ₴ ;;
03.05.2021; 33,64 ₴ ;;
04.05.2021; 33,64 ₴ ;;
05.05.2021; 33,51 ₴ ;;
06.05.2021; 33,28 ₴ ;;
07.05.2021; 33,41 ₴ ;;
08.05.2021; 33,41 ₴ ;;
09.05.2021; 33,41 ₴ ;;
10.05.2021; 33,41 ₴ ;;
11.05.2021; 33,49 ₴ ;;
12.05.2021; 33,67 ₴ ;;
13.05.2021; 33,50 ₴ ;;
14.05.2021; 33,37 ₴ ;;
15.05.2021; 33,37 ₴ ;;
16.05.2021; 33,37 ₴ ;;
17.05.2021; 33,48 ₴ ;;
18.05.2021; 33,44 ₴ ;;
19.05.2021; 33,53 ₴ ;;
20.05.2021; 33,49 ₴ ;;
21.05.2021; 33,52 ₴ ;;
22.05.2021; 33,52 ₴ ;;
23.05.2021; 33,52 ₴ ;;
24.05.2021; 33,48 ₴ ;;
25.05.2021; 33,49 ₴ ;;
26.05.2021; 33,66 ₴ ;;
27.05.2021; 33,68 ₴ ;;
28.05.2021; 33,57 ₴ ;;
29.05.2021; 33,57 ₴ ;;
30.05.2021; 33,57 ₴ ;;
31.05.2021; 33,39 ₴ ;;
01.06.2021; 33,51 ₴ ;;
02.06.2021; 33,53 ₴ ;;
03.06.2021; 33,33 ₴ ;;
04.06.2021; 33,26 ₴ ;;
05.06.2021; 33,26 ₴ ;;
06.06.2021; 33,26 ₴ ;;
07.06.2021; 33,06 ₴ ;;
08.06.2021; 33,08 ₴ ;;
09.06.2021; 33,11 ₴ ;;
10.06.2021; 33,02 ₴ ;;
11.06.2021; 32,99 ₴ ;;
12.06.2021; 32,99 ₴ ;;
13.06.2021; 32,99 ₴ ;;
14.06.2021; 32,79 ₴ ;;
15.06.2021; 32,71 ₴ ;;
16.06.2021; 32,62 ₴ ;;
17.06.2021; 32,77 ₴ ;;
18.06.2021; 32,44 ₴ ;;
19.06.2021; 32,44 ₴ ;;
20.06.2021; 32,44 ₴ ;;
21.06.2021; 32,44 ₴ ;;
22.06.2021; 32,29 ₴ ;;
23.06.2021; 32,47 ₴ ;;
24.06.2021; 32,60 ₴ ;;
25.06.2021; 32,79 ₴ ;;
26.06.2021; 32,79 ₴ ;;
27.06.2021; 32,79 ₴ ;;
28.06.2021; 32,79 ₴ ;;
29.06.2021; 32,74 ₴ ;;
30.06.2021; 32,30 ₴ ;;
01.07.2021; 32,35 ₴ ;;
02.07.2021; 32,52 ₴ ;;
03.07.2021; 32,52 ₴ ;;
04.07.2021; 32,52 ₴ ;;
05.07.2021; 32,41 ₴ ;;
06.07.2021; 32,37 ₴ ;;
07.07.2021; 32,26 ₴ ;;
08.07.2021; 32,29 ₴ ;;
09.07.2021; 32,32 ₴ ;;
10.07.2021; 32,32 ₴ ;;
11.07.2021; 32,32 ₴ ;;
12.07.2021; 32,41 ₴ ;;
13.07.2021; 32,35 ₴ ;;
14.07.2021; 32,37 ₴ ;;
15.07.2021; 32,25 ₴ ;;
16.07.2021; 32,24 ₴ ;;
17.07.2021; 32,24 ₴ ;;
18.07.2021; 32,24 ₴ ;;
19.07.2021; 32,14 ₴ ;;
20.07.2021; 32,03 ₴ ;;
21.07.2021; 32,03 ₴ ;;
22.07.2021; 32,06 ₴ ;;
23.07.2021; 32,03 ₴ ;;
24.07.2021; 32,03 ₴ ;;
25.07.2021; 32,03 ₴ ;;
26.07.2021; 31,85 ₴ ;;
27.07.2021; 31,81 ₴ ;;
28.07.2021; 31,78 ₴ ;;
29.07.2021; 31,70 ₴ ;;
30.07.2021; 31,92 ₴ ;;
31.07.2021; 31,92 ₴ ;;
01.08.2021; 31,92 ₴ ;;
02.08.2021; 31,89 ₴ ;;
03.08.2021; 31,90 ₴ ;;
04.08.2021; 31,89 ₴ ;;
05.08.2021; 31,95 ₴ ;;
06.08.2021; 31,90 ₴ ;;
07.08.2021; 31,90 ₴ ;;
08.08.2021; 31,90 ₴ ;;
09.08.2021; 31,68 ₴ ;;
10.08.2021; 31,53 ₴ ;;
11.08.2021; 31,36 ₴ ;;
12.08.2021; 31,41 ₴ ;;
13.08.2021; 31,42 ₴ ;;
14.08.2021; 31,42 ₴ ;;
15.08.2021; 31,42 ₴ ;;
16.08.2021; 31,40 ₴ ;;
17.08.2021; 31,36 ₴ ;;
18.08.2021; 31,38 ₴ ;;
19.08.2021; 31,24 ₴ ;;
20.08.2021; 31,17 ₴ ;;
21.08.2021; 31,17 ₴ ;;
22.08.2021; 31,17 ₴ ;;
23.08.2021; 31,17 ₴ ;;
24.08.2021; 31,17 ₴ ;;
25.08.2021; 31,13 ₴ ;;
26.08.2021; 31,34 ₴ ;;
27.08.2021; 31,51 ₴ ;;
28.08.2021; 31,66 ₴ ;;
29.08.2021; 31,66 ₴ ;;
30.08.2021; 31,66 ₴ ;;
31.08.2021; 31,70 ₴ ;;
01.09.2021; 31,83 ₴ ;;
02.09.2021; 31,93 ₴ ;;
03.09.2021; 32,01 ₴ ;;
04.09.2021; 32,01 ₴ ;;
05.09.2021; 32,01 ₴ ;;
06.09.2021; 31,97 ₴ ;;
07.09.2021; 31,81 ₴ ;;
08.09.2021; 31,71 ₴ ;;
09.09.2021; 31,63 ₴ ;;
10.09.2021; 31,62 ₴ ;;
11.09.2021; 31,62 ₴ ;;
12.09.2021; 31,62 ₴ ;;
13.09.2021; 31,58 ₴ ;;
14.09.2021; 31,45 ₴ ;;
15.09.2021; 31,46 ₴ ;;
16.09.2021; 31,52 ₴ ;;
17.09.2021; 31,37 ₴ ;;
18.09.2021; 31,37 ₴ ;;
19.09.2021; 31,37 ₴ ;;
20.09.2021; 31,46 ₴ ;;
21.09.2021; 31,27 ₴ ;;
22.09.2021; 31,36 ₴ ;;
23.09.2021; 31,29 ₴ ;;
24.09.2021; 31,08 ₴ ;;
25.09.2021; 31,08 ₴ ;;
26.09.2021; 31,08 ₴ ;;
27.09.2021; 31,22 ₴ ;;
28.09.2021; 31,18 ₴ ;;
29.09.2021; 31,03 ₴ ;;
30.09.2021; 30,98 ₴ ;;
01.10.2021; 30,82 ₴ ;;
02.10.2021; 30,82 ₴ ;;
03.10.2021; 30,82 ₴ ;;
04.10.2021; 30,87 ₴ ;;
05.10.2021; 30,93 ₴ ;;
06.10.2021; 30,65 ₴ ;;
07.10.2021; 30,41 ₴ ;;
08.10.2021; 30,44 ₴ ;;
09.10.2021; 30,44 ₴ ;;
10.10.2021; 30,44 ₴ ;;
11.10.2021; 30,48 ₴ ;;
12.10.2021; 30,50 ₴ ;;
13.10.2021; 30,43 ₴ ;;
14.10.2021; 30,43 ₴ ;;
15.10.2021; 30,43 ₴ ;;
16.10.2021; 30,43 ₴ ;;
17.10.2021; 30,43 ₴ ;;
18.10.2021; 30,45 ₴ ;;
19.10.2021; 30,56 ₴ ;;
20.10.2021; 30,61 ₴ ;;
21.10.2021; 30,48 ₴ ;;
22.10.2021; 30,49 ₴ ;;
23.10.2021; 30,58 ₴ ;;
24.10.2021; 30,58 ₴ ;;
25.10.2021; 30,58 ₴ ;;
26.10.2021; 30,57 ₴ ;;
27.10.2021; 30,68 ₴ ;;
28.10.2021; 30,64 ₴ ;;
29.10.2021; 30,50 ₴ ;;
30.10.2021; 30,50 ₴ ;;
31.10.2021; 30,50 ₴ ;;
01.11.2021; 30,60 ₴ ;;
02.11.2021; 30,44 ₴ ;;
03.11.2021; 30,49 ₴ ;;
04.11.2021; 30,36 ₴ ;;
05.11.2021; 30,28 ₴ ;;
06.11.2021; 30,28 ₴ ;;
07.11.2021; 30,28 ₴ ;;
08.11.2021; 30,10 ₴ ;;
09.11.2021; 30,20 ₴ ;;
10.11.2021; 30,21 ₴ ;;
11.11.2021; 30,12 ₴ ;;
12.11.2021; 29,91 ₴ ;;
13.11.2021; 29,91 ₴ ;;
14.11.2021; 29,91 ₴ ;;
15.11.2021; 29,90 ₴ ;;
16.11.2021; 30,15 ₴ ;;
17.11.2021; 30,03 ₴ ;;
18.11.2021; 30,00 ₴ ;;
19.11.2021; 29,97 ₴ ;;
20.11.2021; 29,97 ₴ ;;
21.11.2021; 29,97 ₴ ;;
22.11.2021; 29,98 ₴ ;;
23.11.2021; 30,06 ₴ ;;
24.11.2021; 30,24 ₴ ;;
25.11.2021; 30,17 ₴ ;;
26.11.2021; 30,34 ₴ ;;
27.11.2021; 30,34 ₴ ;;
28.11.2021; 30,34 ₴ ;;
29.11.2021; 30,58 ₴ ;;
30.11.2021; 30,65 ₴ ;;
01.12.2021; 30,92 ₴ ;;
02.12.2021; 30,84 ₴ ;;
03.12.2021; 30,94 ₴ ;;
04.12.2021; 30,94 ₴ ;;
05.12.2021; 30,94 ₴ ;;
06.12.2021; 30,83 ₴ ;;
07.12.2021; 30,91 ₴ ;;
08.12.2021; 30,73 ₴ ;;
09.12.2021; 30,77 ₴ ;;
10.12.2021; 30,68 ₴ ;;
11.12.2021; 30,68 ₴ ;;
12.12.2021; 30,68 ₴ ;;
13.12.2021; 30,45 ₴ ;;
14.12.2021; 30,33 ₴ ;;
15.12.2021; 30,53 ₴ ;;
16.12.2021; 30,62 ₴ ;;
17.12.2021; 30,84 ₴ ;;
18.12.2021; 30,84 ₴ ;;
19.12.2021; 30,84 ₴ ;;
20.12.2021; 30,86 ₴ ;;
21.12.2021; 30,77 ₴ ;;
22.12.2021; 30,79 ₴ ;;
23.12.2021; 30,81 ₴ ;;
24.12.2021; 30,85 ₴ ;;
25.12.2021; 30,85 ₴ ;;
26.12.2021; 30,85 ₴ ;;
27.12.2021; 30,85 ₴ ;;
28.12.2021; 30,82 ₴ ;;
29.12.2021; 30,84 ₴ ;;
30.12.2021; 30,78 ₴ ;;
31.12.2021; 30,92 ₴ ;;
01.01.2022; 30,92 ₴ ;;
02.01.2022; 30,92 ₴ ;;
03.01.2022; 30,92 ₴ ;;
04.01.2022; 30,92 ₴ ;;
05.01.2022; 30,77 ₴ ;;
06.01.2022; 31,04 ₴ ;;
07.01.2022; 31,04 ₴ ;;
08.01.2022; 31,04 ₴ ;;
09.01.2022; 31,04 ₴ ;;
10.01.2022; 31,11 ₴ ;;
11.01.2022; 31,12 ₴ ;;
12.01.2022; 31,17 ₴ ;;
13.01.2022; 31,48 ₴ ;;
14.01.2022; 31,78 ₴ ;;
15.01.2022; 31,78 ₴ ;;
16.01.2022; 31,78 ₴ ;;
17.01.2022; 31,99 ₴ ;;
18.01.2022; 32,06 ₴ ;;
19.01.2022; 32,34 ₴ ;;
20.01.2022; 32,19 ₴ ;;
21.01.2022; 32,11 ₴ ;;
22.01.2022; 32,11 ₴ ;;
23.01.2022; 32,11 ₴ ;;
24.01.2022; 32,11 ₴ ;;
25.01.2022; 32,06 ₴ ;;
26.01.2022; 32,30 ₴ ;;
27.01.2022; 32,48 ₴ ;;
28.01.2022; 32,34 ₴ ;;
29.01.2022; 32,34 ₴ ;;
30.01.2022; 32,34 ₴ ;;
31.01.2022; 32,03 ₴ ;;
01.02.2022; 31,75 ₴ ;;
02.02.2022; 31,89 ₴ ;;
03.02.2022; 32,14 ₴ ;;
04.02.2022; 31,92 ₴ ;;
05.02.2022; 31,92 ₴ ;;
06.02.2022; 31,92 ₴ ;;
07.02.2022; 32,27 ₴ ;;
08.02.2022; 32,07 ₴ ;;
09.02.2022; 31,93 ₴ ;;
10.02.2022; 32,00 ₴ ;;
11.02.2022; 31,88 ₴ ;;
12.02.2022; 31,88 ₴ ;;
13.02.2022; 31,88 ₴ ;;
14.02.2022; 31,98 ₴ ;;
15.02.2022; 32,33 ₴ ;;
16.02.2022; 32,03 ₴ ;;
17.02.2022; 31,93 ₴ ;;
18.02.2022; 32,20 ₴ ;;
19.02.2022; 32,20 ₴ ;;
20.02.2022; 32,20 ₴ ;;
21.02.2022; 32,20 ₴ ;;
22.02.2022; 32,29 ₴ ;;
23.02.2022; 32,90 ₴ ;;
24.02.2022; 33,17 ₴ ;;
25.02.2022; 33,17 ₴ ;;
26.02.2022; 33,17 ₴ ;;
27.02.2022; 33,17 ₴ ;;
28.02.2022; 33,17 ₴ ;;
01.03.2022; 33,17 ₴ ;;
02.03.2022; 33,17 ₴ ;;
03.03.2022; 33,17 ₴ ;;
04.03.2022; 33,17 ₴ ;;
05.03.2022; 33,17 ₴ ;;
06.03.2022; 33,17 ₴ ;;
07.03.2022; 33,17 ₴ ;;
08.03.2022; 33,17 ₴ ;;
09.03.2022; 33,17 ₴ ;;
10.03.2022; 33,17 ₴ ;;
11.03.2022; 33,17 ₴ ;;
12.03.2022; 33,17 ₴ ;;
13.03.2022; 33,17 ₴ ;;
14.03.2022; 33,17 ₴ ;;
15.03.2022; 33,17 ₴ ;;
16.03.2022; 33,17 ₴ ;;
17.03.2022; 33,17 ₴ ;;
18.03.2022; 33,17 ₴ ;;
19.03.2022; 33,17 ₴ ;;
20.03.2022; 33,17 ₴ ;;
21.03.2022; 33,17 ₴ ;;
22.03.2022; 33,17 ₴ ;;
23.03.2022; 32,23 ₴ ;;
24.03.2022; 32,14 ₴ ;;
25.03.2022; 32,12 ₴ ;;
26.03.2022; 32,12 ₴ ;;
27.03.2022; 32,12 ₴ ;;
28.03.2022; 32,19 ₴ ;;
29.03.2022; 32,07 ₴ ;;
30.03.2022; 32,42 ₴ ;;
31.03.2022; 32,59 ₴ ;;
01.04.2022; 32,48 ₴ ;;
02.04.2022; 32,48 ₴ ;;
03.04.2022; 32,48 ₴ ;;
04.04.2022; 32,33 ₴ ;;
05.04.2022; 32,18 ₴ ;;
06.04.2022; 32,08 ₴ ;;
07.04.2022; 31,94 ₴ ;;
08.04.2022; 31,92 ₴ ;;
09.04.2022; 31,92 ₴ ;;
10.04.2022; 31,92 ₴ ;;
11.04.2022; 31,78 ₴ ;;
12.04.2022; 31,90 ₴ ;;
13.04.2022; 31,78 ₴ ;;
14.04.2022; 31,69 ₴ ;;
15.04.2022; 31,80 ₴ ;;
16.04.2022; 31,80 ₴ ;;
17.04.2022; 31,80 ₴ ;;
18.04.2022; 31,82 ₴ ;;
19.04.2022; 31,62 ₴ ;;
20.04.2022; 31,58 ₴ ;;
21.04.2022; 31,68 ₴ ;;
22.04.2022; 31,83 ₴ ;;
23.04.2022; 31,83 ₴ ;;
24.04.2022; 31,83 ₴ ;;
25.04.2022; 31,66 ₴ ;;
26.04.2022; 31,45 ₴ ;;
27.04.2022; 31,22 ₴ ;;
28.04.2022; 30,97 ₴ ;;
29.04.2022; 30,69 ₴ ;;
30.04.2022; 30,69 ₴ ;;
01.05.2022; 30,69 ₴ ;;
02.05.2022; 30,85 ₴ ;;
03.05.2022; 30,77 ₴ ;;
04.05.2022; 30,83 ₴ ;;
05.05.2022; 30,80 ₴ ;;
06.05.2022; 30,86 ₴ ;;
07.05.2022; 30,86 ₴ ;;
08.05.2022; 30,86 ₴ ;;
09.05.2022; 30,91 ₴ ;;
10.05.2022; 30,86 ₴ ;;
11.05.2022; 30,87 ₴ ;;
12.05.2022; 30,85 ₴ ;;
13.05.2022; 30,42 ₴ ;;
14.05.2022; 30,42 ₴ ;;
15.05.2022; 30,42 ₴ ;;
16.05.2022; 30,38 ₴ ;;
17.05.2022; 30,48 ₴ ;;
18.05.2022; 30,84 ₴ ;;
19.05.2022; 30,75 ₴ ;;
20.05.2022; 30,77 ₴ ;;
21.05.2022; 30,77 ₴ ;;
22.05.2022; 30,77 ₴ ;;
23.05.2022; 30,92 ₴ ;;
24.05.2022; 31,18 ₴ ;;
25.05.2022; 31,34 ₴ ;;
26.05.2022; 31,18 ₴ ;;
27.05.2022; 31,32 ₴ ;;
28.05.2022; 31,32 ₴ ;;
29.05.2022; 31,32 ₴ ;;
30.05.2022; 31,32 ₴ ;;
31.05.2022; 31,50 ₴ ;;
01.06.2022; 31,34 ₴ ;;
02.06.2022; 31,32 ₴ ;;
03.06.2022; 31,28 ₴ ;;
04.06.2022; 31,28 ₴ ;;
05.06.2022; 31,28 ₴ ;;
06.06.2022; 31,39 ₴ ;;
07.06.2022; 31,39 ₴ ;;
08.06.2022; 31,19 ₴ ;;
09.06.2022; 31,41 ₴ ;;
10.06.2022; 31,39 ₴ ;;
11.06.2022; 31,39 ₴ ;;
12.06.2022; 31,39 ₴ ;;
13.06.2022; 30,93 ₴ ;;
14.06.2022; 30,56 ₴ ;;
15.06.2022; 30,57 ₴ ;;
16.06.2022; 30,60 ₴ ;;
17.06.2022; 30,39 ₴ ;;
18.06.2022; 30,39 ₴ ;;
19.06.2022; 30,39 ₴ ;;
20.06.2022; 30,69 ₴ ;;
21.06.2022; 30,80 ₴ ;;
22.06.2022; 30,86 ₴ ;;
23.06.2022; 30,75 ₴ ;;
24.06.2022; 30,73 ₴ ;;
25.06.2022; 30,73 ₴ ;;
26.06.2022; 30,73 ₴ ;;
27.06.2022; 30,77 ₴ ;;
28.06.2022; 30,91 ₴ ;;
29.06.2022; 30,92 ₴ ;;
30.06.2022; 30,78 ₴ ;;
01.07.2022; 30,40 ₴ ;;
02.07.2022; 30,40 ₴ ;;
03.07.2022; 30,40 ₴ ;;
04.07.2022; 30,53 ₴ ;;
05.07.2022; 30,58 ₴ ;;
06.07.2022; 30,11 ₴ ;;
07.07.2022; 29,81 ₴ ;;
08.07.2022; 29,81 ₴ ;;
09.07.2022; 29,81 ₴ ;;
10.07.2022; 29,81 ₴ ;;
11.07.2022; 29,70 ₴ ;;
12.07.2022; 29,51 ₴ ;;
13.07.2022; 29,37 ₴ ;;
14.07.2022; 29,45 ₴ ;;
15.07.2022; 29,28 ₴ ;;
16.07.2022; 29,28 ₴ ;;
17.07.2022; 29,28 ₴ ;;
18.07.2022; 29,42 ₴ ;;
19.07.2022; 29,66 ₴ ;;
20.07.2022; 30,00 ₴ ;;
21.07.2022; 29,81 ₴ ;;
22.07.2022; 37,27 ₴ ;;
23.07.2022; 37,27 ₴ ;;
24.07.2022; 37,27 ₴ ;;
25.07.2022; 37,22 ₴ ;;
26.07.2022; 37,41 ₴ ;;
27.07.2022; 37,06 ₴ ;;
28.07.2022; 37,12 ₴ ;;
29.07.2022; 37,00 ₴ ;;
30.07.2022; 37,00 ₴ ;;
31.07.2022; 37,00 ₴ ;;
01.08.2022; 37,34 ₴ ;;
02.08.2022; 37,41 ₴ ;;
03.08.2022; 37,38 ₴ ;;
04.08.2022; 37,25 ₴ ;;
05.08.2022; 37,21 ₴ ;;
06.08.2022; 37,21 ₴ ;;
07.08.2022; 37,21 ₴ ;;
08.08.2022; 37,42 ₴ ;;
09.08.2022; 37,30 ₴ ;;
10.08.2022; 37,38 ₴ ;;
11.08.2022; 37,51 ₴ ;;
12.08.2022; 37,75 ₴ ;;
13.08.2022; 37,75 ₴ ;;
14.08.2022; 37,75 ₴ ;;
15.08.2022; 37,59 ₴ ;;
16.08.2022; 37,28 ₴ ;;
17.08.2022; 37,03 ₴ ;;
18.08.2022; 37,17 ₴ ;;
19.08.2022; 37,22 ₴ ;;
20.08.2022; 37,22 ₴ ;;
21.08.2022; 37,22 ₴ ;;
22.08.2022; 36,74 ₴ ;;
23.08.2022; 36,57 ₴ ;;
24.08.2022; 36,30 ₴ ;;
25.08.2022; 36,31 ₴ ;;
26.08.2022; 36,48 ₴ ;;
27.08.2022; 36,48 ₴ ;;
28.08.2022; 36,48 ₴ ;;
29.08.2022; 36,55 ₴ ;;
30.08.2022; 36,55 ₴ ;;
31.08.2022; 36,66 ₴ ;;
01.09.2022; 36,57 ₴ ;;
02.09.2022; 36,58 ₴ ;;
03.09.2022; 36,58 ₴ ;;
04.09.2022; 36,58 ₴ ;;
05.09.2022; 36,53 ₴ ;;
06.09.2022; 36,26 ₴ ;;
07.09.2022; 36,29 ₴ ;;
08.09.2022; 36,14 ₴ ;;
09.09.2022; 36,65 ₴ ;;
10.09.2022; 36,65 ₴ ;;
11.09.2022; 36,65 ₴ ;;
12.09.2022; 36,71 ₴ ;;
13.09.2022; 37,10 ₴ ;;
14.09.2022; 37,22 ₴ ;;
15.09.2022; 36,54 ₴ ;;
16.09.2022; 36,51 ₴ ;;
17.09.2022; 36,51 ₴ ;;
18.09.2022; 36,51 ₴ ;;
19.09.2022; 36,46 ₴ ;;
20.09.2022; 36,51 ₴ ;;
21.09.2022; 36,52 ₴ ;;
22.09.2022; 36,21 ₴ ;;
23.09.2022; 36,08 ₴ ;;
24.09.2022; 36,08 ₴ ;;
25.09.2022; 36,08 ₴ ;;
26.09.2022; 35,67 ₴ ;;
27.09.2022; 35,24 ₴ ;;
28.09.2022; 35,26 ₴ ;;
29.09.2022; 34,97 ₴ ;;
30.09.2022; 35,56 ₴ ;;
01.10.2022; 35,56 ₴ ;;
02.10.2022; 35,56 ₴ ;;
03.10.2022; 35,64 ₴ ;;
04.10.2022; 35,71 ₴ ;;
05.10.2022; 36,17 ₴ ;;
06.10.2022; 36,22 ₴ ;;
07.10.2022; 36,08 ₴ ;;
08.10.2022; 36,08 ₴ ;;
09.10.2022; 36,08 ₴ ;;
10.10.2022; 35,80 ₴ ;;
11.10.2022; 35,46 ₴ ;;
12.10.2022; 35,55 ₴ ;;
13.10.2022; 35,50 ₴ ;;
14.10.2022; 35,63 ₴ ;;
15.10.2022; 35,63 ₴ ;;
16.10.2022; 35,63 ₴ ;;
17.10.2022; 35,53 ₴ ;;
18.10.2022; 35,62 ₴ ;;
19.10.2022; 35,95 ₴ ;;
20.10.2022; 35,76 ₴ ;;
21.10.2022; 35,89 ₴ ;;
22.10.2022; 35,89 ₴ ;;
23.10.2022; 35,89 ₴ ;;
24.10.2022; 35,64 ₴ ;;
25.10.2022; 35,96 ₴ ;;
26.10.2022; 36,08 ₴ ;;
27.10.2022; 36,64 ₴ ;;
28.10.2022; 36,74 ₴ ;;
29.10.2022; 36,74 ₴ ;;
30.10.2022; 36,74 ₴ ;;
31.10.2022; 36,41 ₴ ;;
01.11.2022; 36,24 ₴ ;;
02.11.2022; 36,35 ₴ ;;
03.11.2022; 36,22 ₴ ;;
04.11.2022; 35,63 ₴ ;;
05.11.2022; 35,63 ₴ ;;
06.11.2022; 35,63 ₴ ;;
07.11.2022; 35,98 ₴ ;;
08.11.2022; 36,51 ₴ ;;
09.11.2022; 36,54 ₴ ;;
10.11.2022; 36,75 ₴ ;;
11.11.2022; 36,38 ₴ ;;
12.11.2022; 36,38 ₴ ;;
13.11.2022; 36,38 ₴ ;;
14.11.2022; 37,70 ₴ ;;
15.11.2022; 37,76 ₴ ;;
16.11.2022; 38,06 ₴ ;;
17.11.2022; 38,09 ₴ ;;
18.11.2022; 37,77 ₴ ;;
19.11.2022; 37,77 ₴ ;;
20.11.2022; 37,77 ₴ ;;
21.11.2022; 37,89 ₴ ;;
22.11.2022; 37,45 ₴ ;;
23.11.2022; 37,55 ₴ ;;
24.11.2022; 37,75 ₴ ;;
25.11.2022; 38,07 ₴ ;;
26.11.2022; 38,07 ₴ ;;
27.11.2022; 38,07 ₴ ;;
28.11.2022; 37,96 ₴ ;;
29.11.2022; 38,30 ₴ ;;
30.11.2022; 37,93 ₴ ;;
01.12.2022; 37,92 ₴ ;;
02.12.2022; 38,21 ₴ ;;
03.12.2022; 38,21 ₴ ;;
04.12.2022; 38,21 ₴ ;;
05.12.2022; 38,54 ₴ ;;
06.12.2022; 38,74 ₴ ;;
07.12.2022; 38,49 ₴ ;;
08.12.2022; 38,52 ₴ ;;
09.12.2022; 38,46 ₴ ;;
10.12.2022; 38,46 ₴ ;;
11.12.2022; 38,46 ₴ ;;
12.12.2022; 38,60 ₴ ;;
13.12.2022; 38,60 ₴ ;;
14.12.2022; 38,58 ₴ ;;
15.12.2022; 38,93 ₴ ;;
16.12.2022; 38,85 ₴ ;;
17.12.2022; 38,85 ₴ ;;
18.12.2022; 38,85 ₴ ;;
19.12.2022; 38,84 ₴ ;;
20.12.2022; 38,79 ₴ ;;
21.12.2022; 38,81 ₴ ;;
22.12.2022; 38,87 ₴ ;;
23.12.2022; 38,90 ₴ ;;
24.12.2022; 38,90 ₴ ;;
25.12.2022; 38,90 ₴ ;;
26.12.2022; 38,83 ₴ ;;
27.12.2022; 38,84 ₴ ;;
28.12.2022; 38,89 ₴ ;;
29.12.2022; 38,94 ₴ ;;
30.12.2022; 38,95 ₴ ;;
31.12.2022; 38,95 ₴ ;;
01.01.2023; 38,95 ₴ ;;
02.01.2023; 39,04 ₴ ;;
03.01.2023; 39,00 ₴ ;;
04.01.2023; 38,54 ₴ ;;
05.01.2023; 38,79 ₴ ;;
06.01.2023; 38,78 ₴ ;;
07.01.2023; 38,78 ₴ ;;
08.01.2023; 38,78 ₴ ;;
09.01.2023; 38,37 ₴ ;;
10.01.2023; 39,08 ₴ ;;
11.01.2023; 39,20 ₴ ;;
12.01.2023; 39,27 ₴ ;;
13.01.2023; 39,36 ₴ ;;
14.01.2023; 39,36 ₴ ;;
15.01.2023; 39,36 ₴ ;;
16.01.2023; 39,54 ₴ ;;
17.01.2023; 39,56 ₴ ;;
18.01.2023; 39,69 ₴ ;;
19.01.2023; 39,59 ₴ ;;
20.01.2023; 39,52 ₴ ;;
21.01.2023; 39,52 ₴ ;;
22.01.2023; 39,52 ₴ ;;
23.01.2023; 39,56 ₴ ;;
24.01.2023; 39,75 ₴ ;;
25.01.2023; 39,72 ₴ ;;
26.01.2023; 39,76 ₴ ;;
27.01.2023; 39,84 ₴ ;;
28.01.2023; 39,84 ₴ ;;
29.01.2023; 39,84 ₴ ;;
30.01.2023; 39,75 ₴ ;;
31.01.2023; 39,88 ₴ ;;
01.02.2023; 39,59 ₴ ;;
02.02.2023; 39,83 ₴ ;;
03.02.2023; 40,17 ₴ ;;
04.02.2023; 40,17 ₴ ;;
05.02.2023; 40,17 ₴ ;;
06.02.2023; 39,99 ₴ ;;
07.02.2023; 39,40 ₴ ;;
08.02.2023; 39,15 ₴ ;;
09.02.2023; 39,26 ₴ ;;
10.02.2023; 39,38 ₴ ;;
11.02.2023; 39,38 ₴ ;;
12.02.2023; 39,38 ₴ ;;
13.02.2023; 39,06 ₴ ;;
14.02.2023; 39,10 ₴ ;;
15.02.2023; 39,34 ₴ ;;
16.02.2023; 39,12 ₴ ;;
17.02.2023; 39,10 ₴ ;;
18.02.2023; 39,10 ₴ ;;
19.02.2023; 39,10 ₴ ;;
20.02.2023; 38,84 ₴ ;;
21.02.2023; 39,02 ₴ ;;
22.02.2023; 38,98 ₴ ;;
23.02.2023; 38,93 ₴ ;;
24.02.2023; 38,82 ₴ ;;
25.02.2023; 38,82 ₴ ;;
26.02.2023; 38,82 ₴ ;;
27.02.2023; 38,64 ₴ ;;
28.02.2023; 38,61 ₴ ;;
01.03.2023; 38,82 ₴ ;;
02.03.2023; 39,08 ₴ ;;
03.03.2023; 38,78 ₴ ;;
04.03.2023; 38,78 ₴ ;;
05.03.2023; 38,78 ₴ ;;
06.03.2023; 38,80 ₴ ;;
07.03.2023; 38,91 ₴ ;;
08.03.2023; 39,01 ₴ ;;
09.03.2023; 38,57 ₴ ;;
10.03.2023; 38,62 ₴ ;;
11.03.2023; 38,62 ₴ ;;
12.03.2023; 38,62 ₴ ;;
13.03.2023; 38,74 ₴ ;;
14.03.2023; 39,10 ₴ ;;
15.03.2023; 39,27 ₴ ;;
16.03.2023; 38,62 ₴ ;;
17.03.2023; 38,72 ₴ ;;
18.03.2023; 38,72 ₴ ;;
19.03.2023; 38,72 ₴ ;;
20.03.2023; 38,85 ₴ ;;
21.03.2023; 39,15 ₴ ;;
22.03.2023; 39,42 ₴ ;;
23.03.2023; 39,43 ₴ ;;
24.03.2023; 39,77 ₴ ;;
25.03.2023; 39,77 ₴ ;;
26.03.2023; 39,77 ₴ ;;
27.03.2023; 39,31 ₴ ;;
28.03.2023; 39,39 ₴ ;;
29.03.2023; 39,61 ₴ ;;
30.03.2023; 39,70 ₴ ;;
31.03.2023; 39,78 ₴ ;;
01.04.2023; 39,78 ₴ ;;
02.04.2023; 39,78 ₴ ;;
03.04.2023; 39,74 ₴ ;;
04.04.2023; 39,76 ₴ ;;
05.04.2023; 39,87 ₴ ;;
06.04.2023; 40,02 ₴ ;;
07.04.2023; 39,91 ₴ ;;
08.04.2023; 39,91 ₴ ;;
09.04.2023; 39,91 ₴ ;;
10.04.2023; 39,91 ₴ ;;
11.04.2023; 39,83 ₴ ;;
12.04.2023; 39,88 ₴ ;;
13.04.2023; 39,94 ₴ ;;
14.04.2023; 40,26 ₴ ;;
15.04.2023; 40,26 ₴ ;;
16.04.2023; 40,26 ₴ ;;
17.04.2023; 40,42 ₴ ;;
18.04.2023; 40,14 ₴ ;;
19.04.2023; 40,11 ₴ ;;
20.04.2023; 39,97 ₴ ;;
21.04.2023; 40,07 ₴ ;;
22.04.2023; 40,07 ₴ ;;
23.04.2023; 40,07 ₴ ;;
24.04.2023; 40,15 ₴ ;;
25.04.2023; 40,23 ₴ ;;
26.04.2023; 40,29 ₴ ;;
27.04.2023; 40,39 ₴ ;;
28.04.2023; 40,35 ₴ ;;
29.04.2023; 40,35 ₴ ;;
30.04.2023; 40,35 ₴ ;;
01.05.2023; 40,13 ₴ ;;
02.05.2023; 40,27 ₴ ;;
03.05.2023; 40,11 ₴ ;;
04.05.2023; 40,37 ₴ ;;
05.05.2023; 40,49 ₴ ;;
06.05.2023; 40,49 ₴ ;;
07.05.2023; 40,49 ₴ ;;
08.05.2023; 40,26 ₴ ;;
09.05.2023; 40,35 ₴ ;;
10.05.2023; 40,09 ₴ ;;
11.05.2023; 40,04 ₴ ;;
12.05.2023; 39,97 ₴ ;;
13.05.2023; 39,97 ₴ ;;
14.05.2023; 39,97 ₴ ;;
15.05.2023; 39,83 ₴ ;;
16.05.2023; 39,77 ₴ ;;
17.05.2023; 39,81 ₴ ;;
18.05.2023; 39,59 ₴ ;;
19.05.2023; 39,55 ₴ ;;
20.05.2023; 39,55 ₴ ;;
21.05.2023; 39,55 ₴ ;;
22.05.2023; 39,52 ₴ ;;
23.05.2023; 39,57 ₴ ;;
24.05.2023; 39,40 ₴ ;;
25.05.2023; 39,41 ₴ ;;
26.05.2023; 39,24 ₴ ;;
27.05.2023; 39,24 ₴ ;;
28.05.2023; 39,24 ₴ ;;
29.05.2023; 39,32 ₴ ;;
30.05.2023; 39,18 ₴ ;;
31.05.2023; 39,28 ₴ ;;
01.06.2023; 39,06 ₴ ;;
02.06.2023; 39,15 ₴ ;;
03.06.2023; 39,15 ₴ ;;
04.06.2023; 39,15 ₴ ;;
05.06.2023; 39,35 ₴ ;;
06.06.2023; 39,09 ₴ ;;
07.06.2023; 39,05 ₴ ;;
08.06.2023; 39,19 ₴ ;;
09.06.2023; 39,26 ₴ ;;
10.06.2023; 39,26 ₴ ;;
11.06.2023; 39,26 ₴ ;;
12.06.2023; 39,41 ₴ ;;
13.06.2023; 39,36 ₴ ;;
14.06.2023; 39,47 ₴ ;;
15.06.2023; 39,51 ₴ ;;
16.06.2023; 39,57 ₴ ;;
17.06.2023; 39,57 ₴ ;;
18.06.2023; 39,57 ₴ ;;
19.06.2023; 40,08 ₴ ;;
20.06.2023; 39,94 ₴ ;;
21.06.2023; 39,96 ₴ ;;
22.06.2023; 39,95 ₴ ;;
23.06.2023; 40,19 ₴ ;;
24.06.2023; 40,19 ₴ ;;
25.06.2023; 40,19 ₴ ;;
26.06.2023; 39,77 ₴ ;;
27.06.2023; 39,92 ₴ ;;
28.06.2023; 40,02 ₴ ;;
29.06.2023; 40,00 ₴ ;;
30.06.2023; 40,00 ₴ ;;
01.07.2023; 40,00 ₴ ;;
02.07.2023; 40,00 ₴ ;;
03.07.2023; 39,70 ₴ ;;
04.07.2023; 39,85 ₴ ;;
05.07.2023; 39,85 ₴ ;;
06.07.2023; 39,78 ₴ ;;
07.07.2023; 39,84 ₴ ;;
08.07.2023; 39,84 ₴ ;;
09.07.2023; 39,84 ₴ ;;
10.07.2023; 39,82 ₴ ;;
11.07.2023; 40,06 ₴ ;;
12.07.2023; 40,17 ₴ ;;
13.07.2023; 40,28 ₴ ;;
14.07.2023; 40,86 ₴ ;;
15.07.2023; 40,86 ₴ ;;
16.07.2023; 40,86 ₴ ;;
17.07.2023; 41,05 ₴ ;;
18.07.2023; 41,08 ₴ ;;
19.07.2023; 41,15 ₴ ;;
20.07.2023; 41,01 ₴ ;;
21.07.2023; 40,99 ₴ ;;
22.07.2023; 40,99 ₴ ;;
23.07.2023; 40,99 ₴ ;;
24.07.2023; 40,66 ₴ ;;
25.07.2023; 40,58 ₴ ;;
26.07.2023; 40,40 ₴ ;;
27.07.2023; 40,46 ₴ ;;
28.07.2023; 40,72 ₴ ;;
29.07.2023; 40,72 ₴ ;;
30.07.2023; 40,72 ₴ ;;
31.07.2023; 40,26 ₴ ;;
01.08.2023; 40,32 ₴ ;;
02.08.2023; 40,13 ₴ ;;
03.08.2023; 40,15 ₴ ;;
04.08.2023; 39,99 ₴ ;;
05.08.2023; 39,99 ₴ ;;
06.08.2023; 39,99 ₴ ;;
07.08.2023; 40,00 ₴ ;;
08.08.2023; 40,16 ₴ ;;
09.08.2023; 40,01 ₴ ;;
10.08.2023; 40,12 ₴ ;;
11.08.2023; 40,28 ₴ ;;
12.08.2023; 40,28 ₴ ;;
13.08.2023; 40,28 ₴ ;;
14.08.2023; 40,21 ₴ ;;
15.08.2023; 40,01 ₴ ;;
16.08.2023; 39,97 ₴ ;;
17.08.2023; 39,91 ₴ ;;
18.08.2023; 39,84 ₴ ;;
19.08.2023; 39,84 ₴ ;;
20.08.2023; 39,84 ₴ ;;
21.08.2023; 39,72 ₴ ;;
22.08.2023; 39,89 ₴ ;;
23.08.2023; 39,81 ₴ ;;
24.08.2023; 39,53 ₴ ;;
25.08.2023; 39,66 ₴ ;;
26.08.2023; 39,66 ₴ ;;
27.08.2023; 39,66 ₴ ;;
28.08.2023; 39,51 ₴ ;;
29.08.2023; 39,52 ₴ ;;
30.08.2023; 39,52 ₴ ;;
31.08.2023; 39,79 ₴ ;;
01.09.2023; 39,74 ₴ ;;
02.09.2023; 39,74 ₴ ;;
03.09.2023; 39,74 ₴ ;;
04.09.2023; 39,62 ₴ ;;
05.09.2023; 39,50 ₴ ;;
06.09.2023; 39,25 ₴ ;;
07.09.2023; 39,29 ₴ ;;
08.09.2023; 39,15 ₴ ;;
09.09.2023; 39,15 ₴ ;;
10.09.2023; 39,15 ₴ ;;
11.09.2023; 39,12 ₴ ;;
12.09.2023; 39,20 ₴ ;;
13.09.2023; 39,19 ₴ ;;
14.09.2023; 39,27 ₴ ;;
15.09.2023; 39,24 ₴ ;;
16.09.2023; 39,24 ₴ ;;
17.09.2023; 39,24 ₴ ;;
18.09.2023; 38,96 ₴ ;;
19.09.2023; 38,99 ₴ ;;
20.09.2023; 39,15 ₴ ;;
21.09.2023; 39,14 ₴ ;;
22.09.2023; 38,89 ₴ ;;
23.09.2023; 38,89 ₴ ;;
24.09.2023; 38,89 ₴ ;;
25.09.2023; 38,90 ₴ ;;
26.09.2023; 38,87 ₴ ;;
27.09.2023; 38,76 ₴ ;;
28.09.2023; 38,55 ₴ ;;
29.09.2023; 38,55 ₴ ;;
30.09.2023; 38,55 ₴ ;;
01.10.2023; 38,55 ₴ ;;
02.10.2023; 38,74 ₴ ;;
03.10.2023; 38,52 ₴ ;;
04.10.2023; 38,33 ₴ ;;
05.10.2023; 38,43 ₴ ;;
06.10.2023; 38,54 ₴ ;;
07.10.2023; 38,54 ₴ ;;
08.10.2023; 38,54 ₴ ;;
09.10.2023; 38,65 ₴ ;;
10.10.2023; 38,48 ₴ ;;
11.10.2023; 38,60 ₴ ;;
12.10.2023; 38,64 ₴ ;;
13.10.2023; 38,64 ₴ ;;
14.10.2023; 38,64 ₴ ;;
15.10.2023; 38,64 ₴ ;;
16.10.2023; 38,28 ₴ ;;
17.10.2023; 38,28 ₴ ;;
18.10.2023; 38,55 ₴ ;;
19.10.2023; 38,61 ₴ ;;
20.10.2023; 38,65 ₴ ;;
21.10.2023; 38,65 ₴ ;;
22.10.2023; 38,65 ₴ ;;
23.10.2023; 38,70 ₴ ;;
24.10.2023; 38,76 ₴ ;;
25.10.2023; 38,91 ₴ ;;
26.10.2023; 38,62 ₴ ;;
27.10.2023; 38,47 ₴ ;;
28.10.2023; 38,47 ₴ ;;
29.10.2023; 38,47 ₴ ;;
30.10.2023; 38,38 ₴ ;;
31.10.2023; 38,56 ₴ ;;
01.11.2023; 38,55 ₴ ;;
02.11.2023; 38,23 ₴ ;;
03.11.2023; 38,67 ₴ ;;
04.11.2023; 38,67 ₴ ;;
05.11.2023; 38,67 ₴ ;;
06.11.2023; 38,73 ₴ ;;
07.11.2023; 38,72 ₴ ;;
08.11.2023; 38,48 ₴ ;;
09.11.2023; 38,45 ₴ ;;
10.11.2023; 38,52 ₴ ;;
11.11.2023; 38,52 ₴ ;;
12.11.2023; 38,52 ₴ ;;
13.11.2023; 38,54 ₴ ;;
14.11.2023; 38,59 ₴ ;;
15.11.2023; 38,94 ₴ ;;
16.11.2023; 39,39 ₴ ;;
17.11.2023; 39,31 ₴ ;;
18.11.2023; 39,31 ₴ ;;
19.11.2023; 39,31 ₴ ;;
20.11.2023; 39,26 ₴ ;;
21.11.2023; 39,40 ₴ ;;
22.11.2023; 39,47 ₴ ;;
23.11.2023; 39,34 ₴ ;;
24.11.2023; 39,27 ₴ ;;
25.11.2023; 39,27 ₴ ;;
26.11.2023; 39,27 ₴ ;;
27.11.2023; 39,36 ₴ ;;
28.11.2023; 39,66 ₴ ;;
29.11.2023; 39,82 ₴ ;;
30.11.2023; 39,96 ₴ ;;
01.12.2023; 39,72 ₴ ;;
02.12.2023; 39,72 ₴ ;;
03.12.2023; 39,72 ₴ ;;
04.12.2023; 39,66 ₴ ;;
05.12.2023; 39,71 ₴ ;;
06.12.2023; 39,65 ₴ ;;
07.12.2023; 39,54 ₴ ;;
08.12.2023; 39,50 ₴ ;;
09.12.2023; 39,50 ₴ ;;
10.12.2023; 39,50 ₴ ;;
11.12.2023; 39,60 ₴ ;;
12.12.2023; 39,67 ₴ ;;
13.12.2023; 39,94 ₴ ;;
14.12.2023; 39,92 ₴ ;;
15.12.2023; 40,41 ₴ ;;
16.12.2023; 40,41 ₴ ;;
17.12.2023; 40,41 ₴ ;;
18.12.2023; 40,51 ₴ ;;
19.12.2023; 40,59 ₴ ;;
20.12.2023; 40,92 ₴ ;;
21.12.2023; 41,07 ₴ ;;
22.12.2023; 41,28 ₴ ;;
23.12.2023; 41,28 ₴ ;;
24.12.2023; 41,28 ₴ ;;
25.12.2023; 41,38 ₴ ;;
26.12.2023; 41,36 ₴ ;;
27.12.2023; 41,15 ₴ ;;
28.12.2023; 41,63 ₴ ;;
29.12.2023; 42,21 ₴ ;;
30.12.2023; 42,21 ₴ ;;
31.12.2023; 42,21 ₴ ;;
01.01.2024; 42,00 ₴ ;;
02.01.2024; 42,01 ₴ ;;
03.01.2024; 41,72 ₴ ;;
04.01.2024; 41,61 ₴ ;;
05.01.2024; 41,67 ₴ ;;
06.01.2024; 41,67 ₴ ;;
07.01.2024; 41,67 ₴ ;;
08.01.2024; 41,57 ₴ ;;
09.01.2024; 41,80 ₴ ;;
10.01.2024; 41,82 ₴ ;;
11.01.2024; 41,80 ₴ ;;
12.01.2024; 41,74 ₴ ;;
13.01.2024; 41,74 ₴ ;;
14.01.2024; 41,74 ₴ ;;
15.01.2024; 41,39 ₴ ;;
16.01.2024; 41,48 ₴ ;;
17.01.2024; 41,28 ₴ ;;
18.01.2024; 41,21 ₴ ;;
19.01.2024; 41,01 ₴ ;;
20.01.2024; 41,01 ₴ ;;
21.01.2024; 41,01 ₴ ;;
22.01.2024; 40,84 ₴ ;;
23.01.2024; 40,79 ₴ ;;
24.01.2024; 40,69 ₴ ;;
25.01.2024; 40,88 ₴ ;;
26.01.2024; 40,92 ₴ ;;
27.01.2024; 40,92 ₴ ;;
28.01.2024; 40,92 ₴ ;;
29.01.2024; 41,06 ₴ ;;
30.01.2024; 41,00 ₴ ;;
31.01.2024; 41,08 ₴ ;;
01.02.2024; 40,71 ₴ ;;
02.02.2024; 40,67 ₴ ;;
03.02.2024; 40,67 ₴ ;;
04.02.2024; 40,67 ₴ ;;
05.02.2024; 40,88 ₴ ;;
06.02.2024; 40,37 ₴ ;;
07.02.2024; 40,39 ₴ ;;
08.02.2024; 40,50 ₴ ;;
09.02.2024; 40,41 ₴ ;;
10.02.2024; 40,41 ₴ ;;
11.02.2024; 40,41 ₴ ;;
12.02.2024; 40,51 ₴ ;;
13.02.2024; 40,81 ₴ ;;
14.02.2024; 41,12 ₴ ;;
15.02.2024; 40,87 ₴ ;;
16.02.2024; 40,77 ₴ ;;
17.02.2024; 40,77 ₴ ;;
18.02.2024; 40,77 ₴ ;;
19.02.2024; 40,89 ₴ ;;
20.02.2024; 41,24 ₴ ;;
21.02.2024; 41,54 ₴ ;;
22.02.2024; 41,72 ₴ ;;
23.02.2024; 41,73 ₴ ;;
24.02.2024; 41,73 ₴ ;;
25.02.2024; 41,73 ₴ ;;
26.02.2024; 41,56 ₴ ;;
27.02.2024; 41,60 ₴ ;;
28.02.2024; 41,72 ₴ ;;
29.02.2024; 41,30 ₴ ;;
01.03.2024; 41,20 ₴ ;;
02.03.2024; 41,20 ₴ ;;
03.03.2024; 41,20 ₴ ;;
04.03.2024; 41,26 ₴ ;;
05.03.2024; 41,54 ₴ ;;
06.03.2024; 41,65 ₴ ;;
07.03.2024; 41,59 ₴ ;;
08.03.2024; 41,49 ₴ ;;
09.03.2024; 41,49 ₴ ;;
10.03.2024; 41,49 ₴ ;;
11.03.2024; 41,70 ₴ ;;
12.03.2024; 41,96 ₴ ;;
13.03.2024; 42,04 ₴ ;;
14.03.2024; 42,42 ₴ ;;
15.03.2024; 42,29 ₴ ;;
16.03.2024; 42,29 ₴ ;;
17.03.2024; 42,29 ₴ ;;
18.03.2024; 42,25 ₴ ;;
19.03.2024; 42,45 ₴ ;;
20.03.2024; 42,46 ₴ ;;
21.03.2024; 42,44 ₴ ;;
22.03.2024; 42,47 ₴ ;;
23.03.2024; 42,47 ₴ ;;
24.03.2024; 42,47 ₴ ;;
25.03.2024; 42,13 ₴ ;;
26.03.2024; 42,49 ₴ ;;
27.03.2024; 42,69 ₴ ;;
28.03.2024; 42,44 ₴ ;;
29.03.2024; 42,37 ₴ ;;
30.03.2024; 42,37 ₴ ;;
31.03.2024; 42,37 ₴ ;;
01.04.2024; 42,16 ₴ ;;
02.04.2024; 42,14 ₴ ;;
03.04.2024; 42,28 ₴ ;;
04.04.2024; 42,26 ₴ ;;
05.04.2024; 42,35 ₴ ;;
06.04.2024; 42,35 ₴ ;;
07.04.2024; 42,35 ₴ ;;
08.04.2024; 42,09 ₴ ;;
09.04.2024; 42,20 ₴ ;;
10.04.2024; 42,35 ₴ ;;
11.04.2024; 42,36 ₴ ;;
12.04.2024; 42,02 ₴ ;;
13.04.2024; 42,02 ₴ ;;
14.04.2024; 42,02 ₴ ;;
15.04.2024; 41,97 ₴ ;;
16.04.2024; 42,16 ₴ ;;
17.04.2024; 42,12 ₴ ;;
18.04.2024; 42,06 ₴ ;;
19.04.2024; 42,28 ₴ ;;
20.04.2024; 42,28 ₴ ;;
21.04.2024; 42,28 ₴ ;;
22.04.2024; 42,38 ₴ ;;
23.04.2024; 42,31 ₴ ;;
24.04.2024; 42,26 ₴ ;;
25.04.2024; 42,18 ₴ ;;
26.04.2024; 42,52 ₴ ;;
27.04.2024; 42,52 ₴ ;;
28.04.2024; 42,52 ₴ ;;
29.04.2024; 42,44 ₴ ;;
30.04.2024; 42,50 ₴ ;;
01.05.2024; 42,36 ₴ ;;
02.05.2024; 42,30 ₴ ;;
03.05.2024; 42,31 ₴ ;;
04.05.2024; 42,31 ₴ ;;
05.05.2024; 42,31 ₴ ;;
06.05.2024; 42,34 ₴ ;;
07.05.2024; 42,40 ₴ ;;
08.05.2024; 42,31 ₴ ;;
09.05.2024; 42,32 ₴ ;;
10.05.2024; 42,43 ₴ ;;
11.05.2024; 42,43 ₴ ;;
12.05.2024; 42,43 ₴ ;;
13.05.2024; 42,81 ₴ ;;
14.05.2024; 42,75 ₴ ;;
15.05.2024; 42,83 ₴ ;;
16.05.2024; 42,85 ₴ ;;
17.05.2024; 42,85 ₴ ;;
18.05.2024; 42,85 ₴ ;;
19.05.2024; 42,85 ₴ ;;
20.05.2024; 42,75 ₴ ;;
21.05.2024; 43,08 ₴ ;;
22.05.2024; 43,26 ₴ ;;
23.05.2024; 43,11 ₴ ;;
24.05.2024; 43,31 ₴ ;;
25.05.2024; 43,31 ₴ ;;
26.05.2024; 43,31 ₴ ;;
27.05.2024; 43,49 ₴ ;;
28.05.2024; 43,76 ₴ ;;
29.05.2024; 43,97 ₴ ;;
30.05.2024; 43,92 ₴ ;;
31.05.2024; 43,82 ₴ ;;
01.06.2024; 43,82 ₴ ;;
02.06.2024; 43,82 ₴ ;;
03.06.2024; 43,99 ₴ ;;
04.06.2024; 43,89 ₴ ;;
05.06.2024; 43,77 ₴ ;;
06.06.2024; 43,61 ₴ ;;
07.06.2024; 43,63 ₴ ;;
08.06.2024; 43,63 ₴ ;;
09.06.2024; 43,63 ₴ ;;
10.06.2024; 43,87 ₴ ;;
11.06.2024; 43,47 ₴ ;;
12.06.2024; 43,46 ₴ ;;
13.06.2024; 43,53 ₴ ;;
14.06.2024; 43,89 ₴ ;;
15.06.2024; 43,89 ₴ ;;
16.06.2024; 43,89 ₴ ;;
17.06.2024; 43,48 ₴ ;;
18.06.2024; 43,54 ₴ ;;
19.06.2024; 43,45 ₴ ;;
20.06.2024; 43,57 ₴ ;;
21.06.2024; 43,43 ₴ ;;
22.06.2024; 43,43 ₴ ;;
23.06.2024; 43,43 ₴ ;;
24.06.2024; 43,23 ₴ ;;
25.06.2024; 43,52 ₴ ;;
26.06.2024; 43,55 ₴ ;;
27.06.2024; 43,31 ₴ ;;
28.06.2024; 43,35 ₴ ;;
29.06.2024; 43,35 ₴ ;;
30.06.2024; 43,35 ₴ ;;
01.07.2024; 43,27 ₴ ;;
02.07.2024; 43,69 ₴ ;;
03.07.2024; 43,70 ₴ ;;
04.07.2024; 43,85 ₴ ;;
05.07.2024; 43,78 ₴ ;;
06.07.2024; 43,78 ₴ ;;
07.07.2024; 43,78 ₴ ;;
08.07.2024; 43,86 ₴ ;;
09.07.2024; 44,08 ₴ ;;
10.07.2024; 44,08 ₴ ;;
11.07.2024; 44,08 ₴ ;;
12.07.2024; 44,38 ₴ ;;
13.07.2024; 44,38 ₴ ;;
14.07.2024; 44,38 ₴ ;;
15.07.2024; 44,69 ₴ ;;
16.07.2024; 44,73 ₴ ;;
17.07.2024; 44,98 ₴ ;;
18.07.2024; 45,35 ₴ ;;
19.07.2024; 45,26 ₴ ;;
20.07.2024; 45,26 ₴ ;;
21.07.2024; 45,26 ₴ ;;
22.07.2024; 45,19 ₴ ;;
23.07.2024; 45,00 ₴ ;;
24.07.2024; 44,77 ₴ ;;
25.07.2024; 44,70 ₴ ;;
26.07.2024; 44,68 ₴ ;;
27.07.2024; 44,68 ₴ ;;
28.07.2024; 44,68 ₴ ;;
29.07.2024; 44,63 ₴ ;;
30.07.2024; 44,41 ₴ ;;
31.07.2024; 44,42 ₴ ;;
01.08.2024; 44,40 ₴ ;;
02.08.2024; 44,40 ₴ ;;
03.08.2024; 44,40 ₴ ;;
04.08.2024; 44,40 ₴ ;;
05.08.2024; 44,65 ₴ ;;
06.08.2024; 45,15 ₴ ;;
07.08.2024; 44,79 ₴ ;;
08.08.2024; 44,77 ₴ ;;
09.08.2024; 44,81 ₴ ;;
10.08.2024; 44,81 ₴ ;;
11.08.2024; 44,81 ₴ ;;
12.08.2024; 44,89 ₴ ;;
13.08.2024; 45,11 ₴ ;;
14.08.2024; 45,20 ₴ ;;
15.08.2024; 45,55 ₴ ;;
16.08.2024; 45,31 ₴ ;;
17.08.2024; 45,31 ₴ ;;
18.08.2024; 45,31 ₴ ;;
19.08.2024; 45,30 ₴ ;;
20.08.2024; 45,61 ₴ ;;
21.08.2024; 45,82 ₴ ;;
22.08.2024; 45,90 ₴ ;;
23.08.2024; 45,98 ₴ ;;
24.08.2024; 45,98 ₴ ;;
25.08.2024; 45,98 ₴ ;;
26.08.2024; 45,84 ₴ ;;
27.08.2024; 46,18 ₴ ;;
28.08.2024; 46,10 ₴ ;;
29.08.2024; 45,88 ₴ ;;
30.08.2024; 45,70 ₴ ;;
31.08.2024; 45,70 ₴ ;;
01.09.2024; 45,70 ₴ ;;
02.09.2024; 45,50 ₴ ;;
03.09.2024; 45,46 ₴ ;;
04.09.2024; 45,54 ₴ ;;
05.09.2024; 45,61 ₴ ;;
06.09.2024; 45,59 ₴ ;;
07.09.2024; 45,59 ₴ ;;
08.09.2024; 45,59 ₴ ;;
09.09.2024; 45,56 ₴ ;;
10.09.2024; 45,38 ₴ ;;
11.09.2024; 45,38 ₴ ;;
12.09.2024; 45,49 ₴ ;;
13.09.2024; 45,46 ₴ ;;
14.09.2024; 45,46 ₴ ;;
15.09.2024; 45,46 ₴ ;;
16.09.2024; 45,80 ₴ ;;
17.09.2024; 46,01 ₴ ;;
18.09.2024; 46,12 ₴ ;;
19.09.2024; 46,11 ₴ ;;
20.09.2024; 46,24 ₴ ;;
21.09.2024; 46,24 ₴ ;;
22.09.2024; 46,24 ₴ ;;
23.09.2024; 46,15 ₴ ;;
24.09.2024; 45,99 ₴ ;;
25.09.2024; 46,04 ₴ ;;
26.09.2024; 46,20 ₴ ;;
27.09.2024; 45,96 ₴ ;;
28.09.2024; 45,96 ₴ ;;
29.09.2024; 45,96 ₴ ;;
30.09.2024; 45,95 ₴ ;;
01.10.2024; 46,15 ₴ ;;
02.10.2024; 45,71 ₴ ;;
03.10.2024; 45,71 ₴ ;;
04.10.2024; 45,52 ₴ ;;
05.10.2024; 45,52 ₴ ;;
06.10.2024; 45,52 ₴ ;;
07.10.2024; 45,43 ₴ ;;
08.10.2024; 45,22 ₴ ;;
09.10.2024; 45,24 ₴ ;;
10.10.2024; 45,13 ₴ ;;
11.10.2024; 45,05 ₴ ;;
12.10.2024; 45,05 ₴ ;;
13.10.2024; 45,05 ₴ ;;
14.10.2024; 45,02 ₴ ;;
15.10.2024; 44,96 ₴ ;;
16.10.2024; 44,92 ₴ ;;
17.10.2024; 44,91 ₴ ;;
18.10.2024; 44,79 ₴ ;;
19.10.2024; 44,79 ₴ ;;
20.10.2024; 44,79 ₴ ;;
21.10.2024; 44,73 ₴ ;;
22.10.2024; 44,81 ₴ ;;
23.10.2024; 44,71 ₴ ;;
24.10.2024; 44,44 ₴ ;;
25.10.2024; 44,54 ₴ ;;
26.10.2024; 44,54 ₴ ;;
27.10.2024; 44,54 ₴ ;;
28.10.2024; 44,71 ₴ ;;
29.10.2024; 44,70 ₴ ;;
30.10.2024; 44,61 ₴ ;;
31.10.2024; 44,64 ₴ ;;
01.11.2024; 44,85 ₴ ;;
02.11.2024; 44,85 ₴ ;;
03.11.2024; 44,85 ₴ ;;
04.11.2024; 44,97 ₴ ;;
05.11.2024; 45,14 ₴ ;;
06.11.2024; 45,15 ₴ ;;
07.11.2024; 44,34 ₴ ;;
08.11.2024; 44,56 ₴ ;;
09.11.2024; 44,56 ₴ ;;
10.11.2024; 44,56 ₴ ;;
11.11.2024; 44,49 ₴ ;;
12.11.2024; 43,99 ₴ ;;
13.11.2024; 43,94 ₴ ;;
14.11.2024; 43,95 ₴ ;;
15.11.2024; 43,47 ₴ ;;
16.11.2024; 43,47 ₴ ;;
17.11.2024; 43,47 ₴ ;;
18.11.2024; 43,65 ₴ ;;
19.11.2024; 43,63 ₴ ;;
20.11.2024; 43,69 ₴ ;;
21.11.2024; 43,56 ₴ ;;
22.11.2024; 43,47 ₴ ;;
23.11.2024; 43,47 ₴ ;;
24.11.2024; 43,47 ₴ ;;
25.11.2024; 42,99 ₴ ;;
26.11.2024; 43,47 ₴ ;;
27.11.2024; 43,68 ₴ ;;
28.11.2024; 43,80 ₴ ;;
29.11.2024; 43,86 ₴ ;;
30.11.2024; 43,86 ₴ ;;
01.12.2024; 43,86 ₴ ;;
02.12.2024; 43,90 ₴ ;;
03.12.2024; 43,72 ₴ ;;
04.12.2024; 43,82 ₴ ;;
05.12.2024; 43,70 ₴ ;;
06.12.2024; 43,81 ₴ ;;
07.12.2024; 43,81 ₴ ;;
08.12.2024; 43,81 ₴ ;;
09.12.2024; 43,86 ₴ ;;
10.12.2024; 43,85 ₴ ;;
11.12.2024; 43,82 ₴ ;;
12.12.2024; 43,80 ₴ ;;
13.12.2024; 43,70 ₴ ;;
14.12.2024; 43,70 ₴ ;;
15.12.2024; 43,70 ₴ ;;
16.12.2024; 43,74 ₴ ;;
17.12.2024; 43,81 ₴ ;;
18.12.2024; 43,91 ₴ ;;
19.12.2024; 43,96 ₴ ;;
20.12.2024; 43,58 ₴ ;;
21.12.2024; 43,58 ₴ ;;
22.12.2024; 43,58 ₴ ;;
23.12.2024; 43,51 ₴ ;;
24.12.2024; 43,65 ₴ ;;
25.12.2024; 43,63 ₴ ;;
26.12.2024; 43,52 ₴ ;;
27.12.2024; 43,51 ₴ ;;
28.12.2024; 43,51 ₴ ;;
29.12.2024; 43,51 ₴ ;;
30.12.2024; 43,75 ₴ ;;
31.12.2024; 43,93 ₴ ;;
01.01.2025; 43,69 ₴ ;;
02.01.2025; 43,61 ₴ ;;
03.01.2025; 43,38 ₴ ;;
04.01.2025; 43,38 ₴ ;;
05.01.2025; 43,38 ₴ ;;
06.01.2025; 43,33 ₴ ;;
07.01.2025; 43,91 ₴ ;;
08.01.2025; 43,88 ₴ ;;
09.01.2025; 43,43 ₴ ;;
10.01.2025; 43,56 ₴ ;;
11.01.2025; 43,56 ₴ ;;
12.01.2025; 43,56 ₴ ;;
13.01.2025; 43,57 ₴ ;;
14.01.2025; 43,13 ₴ ;;
15.01.2025; 43,32 ₴ ;;
16.01.2025; 43,53 ₴ ;;
17.01.2025; 43,32 ₴ ;;
18.01.2025; 43,32 ₴ ;;
19.01.2025; 43,32 ₴ ;;
20.01.2025; 43,37 ₴ ;;
21.01.2025; 43,50 ₴ ;;
22.01.2025; 43,64 ₴ ;;
23.01.2025; 43,87 ₴ ;;
24.01.2025; 43,67 ₴ ;;
25.01.2025; 43,67 ₴ ;;
26.01.2025; 43,67 ₴ ;;
27.01.2025; 43,92 ₴ ;;
28.01.2025; 44,15 ₴ ;;
29.01.2025; 43,78 ₴ ;;
30.01.2025; 43,62 ₴ ;;
31.01.2025; 43,51 ₴ ;;
01.02.2025; 43,51 ₴ ;;
02.02.2025; 43,51 ₴ ;;
03.02.2025; 43,32 ₴ ;;
04.02.2025; 42,86 ₴ ;;
05.02.2025; 43,12 ₴ ;;
06.02.2025; 43,41 ₴ ;;
07.02.2025; 42,98 ₴ ;;
08.02.2025; 42,98 ₴ ;;
09.02.2025; 42,98 ₴ ;;
10.02.2025; 43,03 ₴ ;;
11.02.2025; 42,90 ₴ ;;
12.02.2025; 43,01 ₴ ;;
13.02.2025; 43,36 ₴ ;;
14.02.2025; 43,44 ₴ ;;
15.02.2025; 43,44 ₴ ;;
16.02.2025; 43,44 ₴ ;;
17.02.2025; 43,59 ₴ ;;
18.02.2025; 43,52 ₴ ;;
19.02.2025; 43,47 ₴ ;;
20.02.2025; 43,47 ₴ ;;
21.02.2025; 43,55 ₴ ;;
22.02.2025; 43,55 ₴ ;;
23.02.2025; 43,55 ₴ ;;
24.02.2025; 43,51 ₴ ;;
25.02.2025; 43,64 ₴ ;;
26.02.2025; 43,79 ₴ ;;
27.02.2025; 43,63 ₴ ;;
28.02.2025; 43,49 ₴ ;;
01.03.2025; 43,49 ₴ ;;
02.03.2025; 43,49 ₴ ;;
03.03.2025; 43,11 ₴ ;;
04.03.2025; 43,54 ₴ ;;
05.03.2025; 43,88 ₴ ;;
06.03.2025; 44,25 ₴ ;;
07.03.2025; 44,56 ₴ ;;
08.03.2025; 44,56 ₴ ;;
09.03.2025; 44,56 ₴ ;;
10.03.2025; 44,73 ₴ ;;
11.03.2025; 44,77 ₴ ;;
12.03.2025; 45,21 ₴ ;;
13.03.2025; 45,16 ₴ ;;
14.03.2025; 45,00 ₴ ;;
15.03.2025; 45,00 ₴ ;;
16.03.2025; 45,00 ₴ ;;
17.03.2025; 45,23 ₴ ;;
18.03.2025; 45,16 ₴ ;;
19.03.2025; 45,35 ₴ ;;
20.03.2025; 45,32 ₴ ;;
21.03.2025; 45,00 ₴ ;;
22.03.2025; 45,00 ₴ ;;
23.03.2025; 45,00 ₴ ;;
24.03.2025; 44,98 ₴ ;;
25.03.2025; 45,09 ₴ ;;
26.03.2025; 45,14 ₴ ;;
27.03.2025; 44,82 ₴ ;;
28.03.2025; 44,75 ₴ ;;
29.03.2025; 44,75 ₴ ;;
30.03.2025; 44,75 ₴ ;;
31.03.2025; 44,75 ₴ ;;
01.04.2025; 44,83 ₴ ;;
02.04.2025; 44,61 ₴ ;;
03.04.2025; 44,63 ₴ ;;
04.04.2025; 45,85 ₴ ;;
05.04.2025; 45,85 ₴ ;;
06.04.2025; 45,85 ₴ ;;
07.04.2025; 45,55 ₴ ;;
08.04.2025; 45,05 ₴ ;;
09.04.2025; 45,03 ₴ ;;
10.04.2025; 45,55 ₴ ;;
11.04.2025; 45,84 ₴ ;;
12.04.2025; 45,84 ₴ ;;
13.04.2025; 45,84 ₴ ;;
14.04.2025; 46,92 ₴ ;;
15.04.2025; 47,03 ₴ ;;
16.04.2025; 46,61 ₴ ;;
17.04.2025; 46,82 ₴ ;;
18.04.2025; 47,00 ₴ ;;
19.04.2025; 47,00 ₴ ;;
20.04.2025; 47,00 ₴ ;;
21.04.2025; 47,03 ₴ ;;
22.04.2025; 47,77 ₴ ;;
23.04.2025; 47,71 ₴ ;;
24.04.2025; 47,54 ₴ ;;
25.04.2025; 47,42 ₴ ;;
26.04.2025; 47,42 ₴ ;;
27.04.2025; 47,42 ₴ ;;
28.04.2025; 47,39 ₴ ;;
29.04.2025; 47,39 ₴ ;;
30.04.2025; 47,28 ₴ ;;
01.05.2025; 47,17 ₴ ;;
02.05.2025; 47,08 ₴ ;;
03.05.2025; 47,08 ₴ ;;
04.05.2025; 47,08 ₴ ;;
05.05.2025; 47,31 ₴ ;;
06.05.2025; 47,19 ₴ ;;
07.05.2025; 46,96 ₴ ;;
08.05.2025; 47,07 ₴ ;;
09.05.2025; 46,89 ₴ ;;
10.05.2025; 46,89 ₴ ;;
11.05.2025; 46,89 ₴ ;;
12.05.2025; 46,75 ₴ ;;
13.05.2025; 46,16 ₴ ;;
14.05.2025; 46,09 ₴ ;;
15.05.2025; 46,59 ₴ ;;
16.05.2025; 46,38 ₴ ;;
17.05.2025; 46,38 ₴ ;;
