Дата;Індекс фінансового стресу
23.11.2015;0,28484
24.11.2015;0,27913
25.11.2015;0,27570
26.11.2015;0,28322
27.11.2015;0,28243
30.11.2015;0,29650
01.12.2015;0,29749
02.12.2015;0,30685
03.12.2015;0,30516
04.12.2015;0,31788
07.12.2015;0,25894
08.12.2015;0,30436
09.12.2015;0,28785
10.12.2015;0,27618
11.12.2015;0,28716
14.12.2015;0,29991
15.12.2015;0,30820
16.12.2015;0,30742
17.12.2015;0,30440
18.12.2015;0,31352
21.12.2015;0,32398
22.12.2015;0,31568
23.12.2015;0,31394
24.12.2015;0,31776
25.12.2015;0,31359
28.12.2015;0,30423
29.12.2015;0,30582
30.12.2015;0,30604
05.01.2016;0,30604
06.01.2016;0,26730
11.01.2016;0,22107
12.01.2016;0,28877
13.01.2016;0,27142
14.01.2016;0,23305
15.01.2016;0,23679
18.01.2016;0,23745
19.01.2016;0,24747
20.01.2016;0,28307
21.01.2016;0,24751
22.01.2016;0,28877
25.01.2016;0,27981
26.01.2016;0,29381
27.01.2016;0,29931
28.01.2016;0,30674
29.01.2016;0,31140
01.02.2016;0,29423
02.02.2016;0,30725
03.02.2016;0,30209
04.02.2016;0,27901
05.02.2016;0,24095
08.02.2016;0,22931
09.02.2016;0,23042
10.02.2016;0,25390
11.02.2016;0,24443
12.02.2016;0,23482
15.02.2016;0,26025
16.02.2016;0,25842
17.02.2016;0,24470
18.02.2016;0,24258
19.02.2016;0,25555
22.02.2016;0,24786
23.02.2016;0,22804
24.02.2016;0,23572
25.02.2016;0,24745
26.02.2016;0,24872
29.02.2016;0,24222
01.03.2016;0,22927
02.03.2016;0,21620
03.03.2016;0,22408
04.03.2016;0,21976
09.03.2016;0,19910
10.03.2016;0,19740
11.03.2016;0,20332
12.03.2016;0,20285
14.03.2016;0,21914
15.03.2016;0,21590
16.03.2016;0,20333
17.03.2016;0,19483
18.03.2016;0,22216
21.03.2016;0,22512
22.03.2016;0,19482
23.03.2016;0,20250
24.03.2016;0,20812
25.03.2016;0,20920
28.03.2016;0,21450
29.03.2016;0,22154
30.03.2016;0,23447
31.03.2016;0,21389
01.04.2016;0,21234
04.04.2016;0,20826
05.04.2016;0,21733
06.04.2016;0,21058
07.04.2016;0,20343
08.04.2016;0,20685
11.04.2016;0,20331
12.04.2016;0,22255
13.04.2016;0,19029
14.04.2016;0,19341
15.04.2016;0,19015
18.04.2016;0,20041
19.04.2016;0,22940
20.04.2016;0,20245
21.04.2016;0,19275
22.04.2016;0,17870
25.04.2016;0,17941
26.04.2016;0,17534
27.04.2016;0,17697
28.04.2016;0,17132
29.04.2016;0,16268
04.05.2016;0,15787
05.05.2016;0,16086
06.05.2016;0,16810
10.05.2016;0,15525
11.05.2016;0,15429
12.05.2016;0,14839
13.05.2016;0,14621
16.05.2016;0,14664
17.05.2016;0,14645
18.05.2016;0,14952
19.05.2016;0,14909
20.05.2016;0,14572
23.05.2016;0,14488
24.05.2016;0,15064
25.05.2016;0,14611
26.05.2016;0,14768
27.05.2016;0,14342
30.05.2016;0,14987
31.05.2016;0,13782
01.06.2016;0,13521
02.06.2016;0,13192
03.06.2016;0,13104
06.06.2016;0,10704
07.06.2016;0,07894
08.06.2016;0,08599
09.06.2016;0,09429
10.06.2016;0,09419
13.06.2016;0,10133
14.06.2016;0,10889
15.06.2016;0,12409
16.06.2016;0,13337
17.06.2016;0,12851
21.06.2016;0,13066
22.06.2016;0,12913
23.06.2016;0,11807
24.06.2016;0,12561
29.06.2016;0,11160
30.06.2016;0,11118
01.07.2016;0,09327
02.07.2016;0,08514
04.07.2016;0,08944
05.07.2016;0,09054
06.07.2016;0,08547
07.07.2016;0,07935
08.07.2016;0,08141
11.07.2016;0,07437
12.07.2016;0,07024
13.07.2016;0,05572
14.07.2016;0,04018
15.07.2016;0,02624
18.07.2016;0,01964
19.07.2016;0,01759
20.07.2016;0,01478
21.07.2016;0,01527
22.07.2016;0,01208
25.07.2016;0,01242
26.07.2016;0,01331
27.07.2016;0,01270
28.07.2016;0,01293
29.07.2016;0,01445
01.08.2016;0,01777
02.08.2016;0,01692
03.08.2016;0,01454
04.08.2016;0,01251
05.08.2016;0,01274
08.08.2016;0,01946
09.08.2016;0,01851
10.08.2016;0,01338
11.08.2016;0,01361
12.08.2016;0,01145
15.08.2016;0,01517
16.08.2016;0,01599
17.08.2016;0,01554
18.08.2016;0,01127
19.08.2016;0,01433
22.08.2016;0,01480
23.08.2016;0,01388
25.08.2016;0,02008
26.08.2016;0,02488
29.08.2016;0,03866
30.08.2016;0,04701
31.08.2016;0,05637
01.09.2016;0,05477
02.09.2016;0,04280
05.09.2016;0,03689
06.09.2016;0,04698
07.09.2016;0,04666
08.09.2016;0,04444
09.09.2016;0,03719
12.09.2016;0,03729
13.09.2016;0,04018
14.09.2016;0,04142
15.09.2016;0,04334
16.09.2016;0,04070
19.09.2016;0,03244
20.09.2016;0,04962
21.09.2016;0,06111
22.09.2016;0,06890
23.09.2016;0,06283
26.09.2016;0,06791
27.09.2016;0,05562
28.09.2016;0,05072
29.09.2016;0,05525
30.09.2016;0,05373
03.10.2016;0,05275
04.10.2016;0,04733
05.10.2016;0,05012
06.10.2016;0,04792
07.10.2016;0,04745
10.10.2016;0,04423
11.10.2016;0,04341
12.10.2016;0,04465
13.10.2016;0,04559
17.10.2016;0,04313
18.10.2016;0,04467
19.10.2016;0,04407
20.10.2016;0,04393
21.10.2016;0,04550
24.10.2016;0,04551
25.10.2016;0,05038
26.10.2016;0,04575
27.10.2016;0,04581
28.10.2016;0,04761
31.10.2016;0,04743
01.11.2016;0,03812
02.11.2016;0,02995
03.11.2016;0,02551
04.11.2016;0,02392
07.11.2016;0,02768
08.11.2016;0,03180
09.11.2016;0,03375
10.11.2016;0,03157
11.11.2016;0,03514
14.11.2016;0,03472
15.11.2016;0,03781
16.11.2016;0,03202
17.11.2016;0,02799
18.11.2016;0,02254
21.11.2016;0,01973
22.11.2016;0,02914
23.11.2016;0,03673
24.11.2016;0,03532
25.11.2016;0,02989
28.11.2016;0,05333
29.11.2016;0,05548
30.11.2016;0,05844
01.12.2016;0,05570
02.12.2016;0,05680
05.12.2016;0,06014
06.12.2016;0,06614
07.12.2016;0,04901
08.12.2016;0,04340
09.12.2016;0,05028
12.12.2016;0,04078
13.12.2016;0,05434
14.12.2016;0,05119
15.12.2016;0,05177
16.12.2016;0,04709
19.12.2016;0,04929
20.12.2016;0,05007
21.12.2016;0,04196
22.12.2016;0,05324
23.12.2016;0,05529
26.12.2016;0,04875
27.12.2016;0,04304
28.12.2016;0,03560
29.12.2016;0,03837
30.12.2016;0,03340
03.01.2017;0,02717
04.01.2017;0,02416
05.01.2017;0,02419
06.01.2017;0,02254
10.01.2017;0,01428
11.01.2017;0,01456
12.01.2017;0,01533
13.01.2017;0,01718
16.01.2017;0,01855
17.01.2017;0,02685
18.01.2017;0,03420
19.01.2017;0,03544
20.01.2017;0,03387
23.01.2017;0,03560
24.01.2017;0,03657
25.01.2017;0,03788
26.01.2017;0,03682
27.01.2017;0,03631
01.02.2017;0,03053
02.02.2017;0,03315
03.02.2017;0,03590
06.02.2017;0,03014
07.02.2017;0,02732
08.02.2017;0,01715
09.02.2017;0,03121
10.02.2017;0,02594
13.02.2017;0,02081
14.02.2017;0,02147
15.02.2017;0,02159
16.02.2017;0,02437
17.02.2017;0,02408
20.02.2017;0,02446
21.02.2017;0,01806
22.02.2017;0,02119
23.02.2017;0,01384
24.02.2017;0,01271
27.02.2017;0,01166
28.02.2017;0,00761
01.03.2017;0,01146
02.03.2017;0,00819
03.03.2017;0,00956
06.03.2017;0,00865
07.03.2017;0,00670
08.03.2017;0,01243
09.03.2017;0,01062
10.03.2017;0,00974
13.03.2017;0,01040
14.03.2017;0,00858
15.03.2017;0,00938
16.03.2017;0,01004
17.03.2017;0,01003
20.03.2017;0,00992
21.03.2017;0,01148
22.03.2017;0,00716
23.03.2017;0,01451
24.03.2017;0,01332
27.03.2017;0,01286
28.03.2017;0,01227
29.03.2017;0,01213
30.03.2017;0,01123
31.03.2017;0,01076
03.04.2017;0,01177
04.04.2017;0,01035
05.04.2017;0,01067
06.04.2017;0,01188
07.04.2017;0,00961
10.04.2017;0,00803
11.04.2017;0,00814
12.04.2017;0,00868
13.04.2017;0,00858
14.04.2017;0,00797
18.04.2017;0,00713
19.04.2017;0,00760
20.04.2017;0,00770
21.04.2017;0,00939
24.04.2017;0,00422
25.04.2017;0,01088
26.04.2017;0,01019
27.04.2017;0,01818
28.04.2017;0,02569
03.05.2017;0,02813
04.05.2017;0,05008
05.05.2017;0,04533
10.05.2017;0,04647
11.05.2017;0,04372
12.05.2017;0,04462
13.05.2017;0,04466
15.05.2017;0,04309
16.05.2017;0,04635
17.05.2017;0,04932
18.05.2017;0,05173
19.05.2017;0,03766
22.05.2017;0,03065
23.05.2017;0,04383
24.05.2017;0,04357
25.05.2017;0,04621
26.05.2017;0,05008
29.05.2017;0,04148
30.05.2017;0,04434
31.05.2017;0,04457
01.06.2017;0,04682
02.06.2017;0,05165
06.06.2017;0,04447
07.06.2017;0,04555
08.06.2017;0,03724
09.06.2017;0,04797
12.06.2017;0,04423
13.06.2017;0,04602
14.06.2017;0,04831
15.06.2017;0,04855
16.06.2017;0,05232
19.06.2017;0,03721
20.06.2017;0,04143
21.06.2017;0,04766
22.06.2017;0,04466
23.06.2017;0,04375
26.06.2017;0,04489
27.06.2017;0,04995
29.06.2017;0,05821
30.06.2017;0,04797
03.07.2017;0,04840
04.07.2017;0,05053
05.07.2017;0,05367
06.07.2017;0,04864
07.07.2017;0,04984
10.07.2017;0,04518
11.07.2017;0,04813
12.07.2017;0,04965
13.07.2017;0,05006
14.07.2017;0,04978
17.07.2017;0,05468
18.07.2017;0,03164
19.07.2017;0,03782
20.07.2017;0,04114
21.07.2017;0,04778
24.07.2017;0,03951
25.07.2017;0,04495
26.07.2017;0,03372
27.07.2017;0,03531
28.07.2017;0,04088
31.07.2017;0,04047
01.08.2017;0,03801
02.08.2017;0,02532
03.08.2017;0,03006
04.08.2017;0,02299
07.08.2017;0,01800
08.08.2017;0,02890
09.08.2017;0,03366
10.08.2017;0,03714
11.08.2017;0,04120
14.08.2017;0,04436
15.08.2017;0,04501
16.08.2017;0,04608
17.08.2017;0,04997
18.08.2017;0,05339
19.08.2017;0,05535
21.08.2017;0,03554
22.08.2017;0,03576
23.08.2017;0,03914
28.08.2017;0,04447
29.08.2017;0,04732
30.08.2017;0,02934
31.08.2017;0,02612
01.09.2017;0,03100
04.09.2017;0,03657
05.09.2017;0,04422
06.09.2017;0,02581
07.09.2017;0,02349
08.09.2017;0,04097
11.09.2017;0,04031
12.09.2017;0,04559
13.09.2017;0,04695
14.09.2017;0,04851
15.09.2017;0,04346
18.09.2017;0,05029
19.09.2017;0,05659
20.09.2017;0,05457
21.09.2017;0,04323
22.09.2017;0,04018
25.09.2017;0,03983
26.09.2017;0,04156
27.09.2017;0,03776
28.09.2017;0,03124
29.09.2017;0,01550
02.10.2017;0,01364
03.10.2017;0,01970
04.10.2017;0,03290
05.10.2017;0,02334
06.10.2017;0,02520
09.10.2017;0,04115
10.10.2017;0,04252
11.10.2017;0,03193
12.10.2017;0,02446
13.10.2017;0,01944
17.10.2017;0,01684
18.10.2017;0,01701
19.10.2017;0,01540
20.10.2017;0,01330
23.10.2017;0,01087
24.10.2017;0,00934
25.10.2017;0,01103
26.10.2017;0,00876
27.10.2017;0,00673
30.10.2017;0,02212
31.10.2017;0,04166
01.11.2017;0,02968
02.11.2017;0,04128
03.11.2017;0,02943
06.11.2017;0,02185
07.11.2017;0,03588
08.11.2017;0,04516
09.11.2017;0,03054
10.11.2017;0,02513
13.11.2017;0,01858
14.11.2017;0,03784
15.11.2017;0,03125
16.11.2017;0,01844
17.11.2017;0,01342
20.11.2017;0,01066
21.11.2017;0,01034
22.11.2017;0,01007
23.11.2017;0,00510
24.11.2017;0,00885
27.11.2017;0,00602
28.11.2017;0,00812
29.11.2017;0,00850
30.11.2017;0,00632
01.12.2017;0,00509
04.12.2017;0,00494
05.12.2017;0,00554
06.12.2017;0,00898
07.12.2017;0,01076
08.12.2017;0,01211
11.12.2017;0,01058
12.12.2017;0,01050
13.12.2017;0,00934
14.12.2017;0,01522
15.12.2017;0,01203
18.12.2017;0,00834
19.12.2017;0,00878
20.12.2017;0,00815
21.12.2017;0,00828
22.12.2017;0,00614
26.12.2017;0,00445
27.12.2017;0,00813
28.12.2017;0,00897
03.01.2018;0,00693
04.01.2018;0,00691
05.01.2018;0,00821
09.01.2018;0,00743
10.01.2018;0,01186
11.01.2018;0,01129
12.01.2018;0,00997
15.01.2018;0,00892
16.01.2018;0,00900
17.01.2018;0,00869
18.01.2018;0,00857
19.01.2018;0,00475
22.01.2018;0,00886
23.01.2018;0,00702
24.01.2018;0,00476
25.01.2018;0,00478
26.01.2018;0,00412
29.01.2018;0,00432
30.01.2018;0,00708
31.01.2018;0,00672
01.02.2018;0,00122
02.02.2018;0,01007
05.02.2018;0,01102
06.02.2018;0,01045
07.02.2018;0,00915
08.02.2018;0,00926
09.02.2018;0,01009
12.02.2018;0,01166
13.02.2018;0,01322
14.02.2018;0,01684
15.02.2018;0,01893
16.02.2018;0,01363
19.02.2018;0,01082
20.02.2018;0,01077
21.02.2018;0,00907
22.02.2018;0,00528
23.02.2018;0,01059
26.02.2018;0,01117
27.02.2018;0,01609
28.02.2018;0,00971
01.03.2018;0,00908
02.03.2018;0,00998
03.03.2018;0,00966
05.03.2018;0,00849
06.03.2018;0,00884
07.03.2018;0,00908
12.03.2018;0,00931
13.03.2018;0,01259
14.03.2018;0,01258
15.03.2018;0,01323
16.03.2018;0,01287
19.03.2018;0,01156
20.03.2018;0,01207
21.03.2018;0,01232
22.03.2018;0,01321
23.03.2018;0,01946
26.03.2018;0,01586
27.03.2018;0,01205
28.03.2018;0,01478
29.03.2018;0,00740
30.03.2018;0,00759
02.04.2018;0,01086
03.04.2018;0,00670
04.04.2018;0,00780
05.04.2018;0,00798
06.04.2018;0,01193
10.04.2018;0,01594
11.04.2018;0,00809
12.04.2018;0,00807
13.04.2018;0,00429
16.04.2018;0,00779
17.04.2018;0,00247
18.04.2018;0,01056
19.04.2018;0,03629
20.04.2018;0,03647
23.04.2018;0,04232
24.04.2018;0,03032
25.04.2018;0,02251
26.04.2018;0,01554
27.04.2018;0,02692
02.05.2018;0,02234
03.05.2018;0,05156
04.05.2018;0,04879
05.05.2018;0,03729
07.05.2018;0,02861
08.05.2018;0,01934
10.05.2018;0,01555
11.05.2018;0,03188
14.05.2018;0,02989
15.05.2018;0,01967
16.05.2018;0,01831
17.05.2018;0,01620
18.05.2018;0,01445
21.05.2018;0,01095
22.05.2018;0,03659
23.05.2018;0,03852
24.05.2018;0,03355
25.05.2018;0,03192
29.05.2018;0,02413
30.05.2018;0,05455
31.05.2018;0,04898
01.06.2018;0,04106
04.06.2018;0,02719
05.06.2018;0,02113
06.06.2018;0,03722
07.06.2018;0,03280
08.06.2018;0,01995
11.06.2018;0,04316
12.06.2018;0,03653
13.06.2018;0,03138
14.06.2018;0,05559
15.06.2018;0,04018
18.06.2018;0,02527
19.06.2018;0,03748
20.06.2018;0,05452
21.06.2018;0,04999
22.06.2018;0,03207
23.06.2018;0,03840
25.06.2018;0,03895
26.06.2018;0,04142
27.06.2018;0,04447
02.07.2018;0,06457
03.07.2018;0,05480
04.07.2018;0,04203
05.07.2018;0,04508
06.07.2018;0,03426
09.07.2018;0,02863
10.07.2018;0,02161
11.07.2018;0,04801
12.07.2018;0,04362
13.07.2018;0,03415
16.07.2018;0,02927
17.07.2018;0,01882
18.07.2018;0,02846
19.07.2018;0,03825
20.07.2018;0,04485
23.07.2018;0,06241
24.07.2018;0,04845
25.07.2018;0,05751
26.07.2018;0,04602
27.07.2018;0,03245
30.07.2018;0,02471
31.07.2018;0,03770
01.08.2018;0,02990
02.08.2018;0,02221
03.08.2018;0,01939
06.08.2018;0,01848
07.08.2018;0,02127
08.08.2018;0,02505
09.08.2018;0,02723
10.08.2018;0,02670
13.08.2018;0,02407
14.08.2018;0,02345
15.08.2018;0,01603
16.08.2018;0,01324
17.08.2018;0,00841
20.08.2018;0,01020
21.08.2018;0,02339
22.08.2018;0,02755
23.08.2018;0,03277
27.08.2018;0,03157
28.08.2018;0,02849
29.08.2018;0,04415
30.08.2018;0,05022
31.08.2018;0,04556
03.09.2018;0,04812
04.09.2018;0,04307
05.09.2018;0,05305
06.09.2018;0,05265
07.09.2018;0,04500
10.09.2018;0,02691
11.09.2018;0,01867
12.09.2018;0,01800
13.09.2018;0,01466
14.09.2018;0,01287
17.09.2018;0,01401
18.09.2018;0,01313
19.09.2018;0,01503
20.09.2018;0,02143
21.09.2018;0,04334
24.09.2018;0,04262
25.09.2018;0,03568
26.09.2018;0,04572
27.09.2018;0,03919
28.09.2018;0,03552
01.10.2018;0,03814
02.10.2018;0,02430
03.10.2018;0,02540
04.10.2018;0,03172
05.10.2018;0,03866
08.10.2018;0,03282
09.10.2018;0,01857
10.10.2018;0,01765
11.10.2018;0,01345
12.10.2018;0,01326
16.10.2018;0,01304
17.10.2018;0,01204
18.10.2018;0,01083
19.10.2018;0,01032
22.10.2018;0,01162
23.10.2018;0,01273
24.10.2018;0,03859
25.10.2018;0,04392
26.10.2018;0,04896
29.10.2018;0,05235
30.10.2018;0,04305
31.10.2018;0,05632
01.11.2018;0,05378
02.11.2018;0,04236
05.11.2018;0,02904
06.11.2018;0,02385
07.11.2018;0,02800
08.11.2018;0,01845
09.11.2018;0,01474
12.11.2018;0,01226
13.11.2018;0,01087
14.11.2018;0,01541
15.11.2018;0,01412
16.11.2018;0,01396
19.11.2018;0,01290
20.11.2018;0,01035
21.11.2018;0,02098
22.11.2018;0,01961
23.11.2018;0,01715
26.11.2018;0,00526
27.11.2018;0,01350
28.11.2018;0,05941
29.11.2018;0,07059
30.11.2018;0,08586
03.12.2018;0,08891
04.12.2018;0,08604
05.12.2018;0,08958
06.12.2018;0,08869
07.12.2018;0,08638
10.12.2018;0,06406
11.12.2018;0,04847
12.12.2018;0,04707
13.12.2018;0,04413
14.12.2018;0,07792
17.12.2018;0,09084
18.12.2018;0,09533
19.12.2018;0,11771
20.12.2018;0,14517
21.12.2018;0,15443
22.12.2018;0,16248
26.12.2018;0,14694
27.12.2018;0,13979
28.12.2018;0,12163
03.01.2019;0,10445
04.01.2019;0,10525
08.01.2019;0,11946
09.01.2019;0,11122
10.01.2019;0,12714
11.01.2019;0,12576
14.01.2019;0,11566
15.01.2019;0,09684
16.01.2019;0,08015
17.01.2019;0,05572
18.01.2019;0,04055
21.01.2019;0,03272
22.01.2019;0,02389
23.01.2019;0,02242
24.01.2019;0,02429
25.01.2019;0,02389
28.01.2019;0,02581
29.01.2019;0,02191
30.01.2019;0,02554
31.01.2019;0,02621
01.02.2019;0,02335
04.02.2019;0,02293
05.02.2019;0,02103
06.02.2019;0,01739
07.02.2019;0,01994
08.02.2019;0,01266
11.02.2019;0,01038
12.02.2019;0,01006
13.02.2019;0,02526
14.02.2019;0,03411
15.02.2019;0,04355
18.02.2019;0,03998
19.02.2019;0,02810
20.02.2019;0,03305
21.02.2019;0,03083
22.02.2019;0,02550
25.02.2019;0,01854
26.02.2019;0,01531
27.02.2019;0,01440
28.02.2019;0,01326
01.03.2019;0,01487
04.03.2019;0,00512
05.03.2019;0,00548
06.03.2019;0,00317
07.03.2019;0,00788
11.03.2019;0,01246
12.03.2019;0,01659
13.03.2019;0,01824
14.03.2019;0,01461
15.03.2019;0,01362
18.03.2019;0,01133
19.03.2019;0,00917
20.03.2019;0,00447
21.03.2019;0,02139
22.03.2019;0,02079
25.03.2019;0,02148
26.03.2019;0,02094
27.03.2019;0,02521
28.03.2019;0,02535
29.03.2019;0,02690
01.04.2019;0,01767
02.04.2019;0,03719
03.04.2019;0,03018
04.04.2019;0,02809
05.04.2019;0,02466
08.04.2019;0,02345
09.04.2019;0,00949
10.04.2019;0,00949
11.04.2019;0,00663
12.04.2019;0,01288
15.04.2019;0,01414
16.04.2019;0,01236
17.04.2019;0,01623
18.04.2019;0,02167
19.04.2019;0,03391
22.04.2019;0,02306
23.04.2019;0,01439
24.04.2019;0,02236
25.04.2019;0,02456
26.04.2019;0,01639
02.05.2019;0,01038
03.05.2019;0,01628
06.05.2019;0,01949
07.05.2019;0,01850
08.05.2019;0,01168
10.05.2019;0,01585
11.05.2019;0,01519
13.05.2019;0,01626
14.05.2019;0,01257
15.05.2019;0,01869
16.05.2019;0,01941
17.05.2019;0,01674
20.05.2019;0,01470
21.05.2019;0,01139
22.05.2019;0,02101
23.05.2019;0,02734
24.05.2019;0,02113
27.05.2019;0,02042
28.05.2019;0,01621
29.05.2019;0,01204
30.05.2019;0,01817
31.05.2019;0,02617
03.06.2019;0,02724
04.06.2019;0,03525
05.06.2019;0,03637
06.06.2019;0,03251
07.06.2019;0,02969
10.06.2019;0,01490
11.06.2019;0,02621
12.06.2019;0,03301
13.06.2019;0,03193
14.06.2019;0,02803
18.06.2019;0,02275
19.06.2019;0,02059
20.06.2019;0,01505
21.06.2019;0,00851
24.06.2019;0,01076
25.06.2019;0,01061
26.06.2019;0,01066
27.06.2019;0,00897
01.07.2019;0,00802
02.07.2019;0,00866
03.07.2019;0,00686
04.07.2019;0,00858
05.07.2019;0,01480
08.07.2019;0,00689
09.07.2019;0,01147
10.07.2019;0,01304
11.07.2019;0,01103
12.07.2019;0,00957
15.07.2019;0,00977
16.07.2019;0,01057
17.07.2019;0,00701
18.07.2019;0,00604
19.07.2019;0,00395
22.07.2019;0,00867
23.07.2019;0,01022
24.07.2019;0,01371
25.07.2019;0,01090
26.07.2019;0,00746
29.07.2019;0,01105
30.07.2019;0,00723
31.07.2019;0,01224
01.08.2019;0,01416
02.08.2019;0,01237
05.08.2019;0,01320
06.08.2019;0,01468
07.08.2019;0,00919
08.08.2019;0,00461
09.08.2019;0,00534
12.08.2019;0,00970
13.08.2019;0,01124
14.08.2019;0,01216
15.08.2019;0,01180
16.08.2019;0,01065
19.08.2019;0,01361
20.08.2019;0,01559
21.08.2019;0,01860
22.08.2019;0,01942
23.08.2019;0,01751
27.08.2019;0,01245
28.08.2019;0,01460
29.08.2019;0,01736
30.08.2019;0,02365
02.09.2019;0,02414
03.09.2019;0,02205
04.09.2019;0,02485
05.09.2019;0,02483
06.09.2019;0,02277
09.09.2019;0,01099
10.09.2019;0,02200
11.09.2019;0,02263
12.09.2019;0,02208
13.09.2019;0,02197
16.09.2019;0,01852
17.09.2019;0,01671
18.09.2019;0,01053
19.09.2019;0,01539
20.09.2019;0,01797
23.09.2019;0,01086
24.09.2019;0,01493
25.09.2019;0,00961
26.09.2019;0,01154
27.09.2019;0,01308
30.09.2019;0,01391
01.10.2019;0,01701
02.10.2019;0,01408
03.10.2019;0,01417
04.10.2019;0,01229
07.10.2019;0,01486
08.10.2019;0,02839
09.10.2019;0,03428
10.10.2019;0,04313
11.10.2019;0,03841
15.10.2019;0,04978
16.10.2019;0,04375
17.10.2019;0,04370
18.10.2019;0,04468
21.10.2019;0,03663
22.10.2019;0,04627
23.10.2019;0,03366
24.10.2019;0,03309
25.10.2019;0,02756
28.10.2019;0,02718
29.10.2019;0,02905
30.10.2019;0,01896
31.10.2019;0,02324
01.11.2019;0,03840
04.11.2019;0,04145
05.11.2019;0,04744
06.11.2019;0,03651
07.11.2019;0,04351
08.11.2019;0,04293
11.11.2019;0,04298
12.11.2019;0,05001
13.11.2019;0,04757
14.11.2019;0,04635
15.11.2019;0,04873
18.11.2019;0,04753
19.11.2019;0,05922
20.11.2019;0,05490
21.11.2019;0,05617
22.11.2019;0,05331
25.11.2019;0,04990
26.11.2019;0,05427
27.11.2019;0,05081
28.11.2019;0,05112
29.11.2019;0,04935
02.12.2019;0,04661
03.12.2019;0,05317
04.12.2019;0,05195
05.12.2019;0,04773
06.12.2019;0,04467
09.12.2019;0,03925
10.12.2019;0,04207
11.12.2019;0,03959
12.12.2019;0,03988
13.12.2019;0,03955
16.12.2019;0,03636
17.12.2019;0,03885
18.12.2019;0,03968
19.12.2019;0,03868
20.12.2019;0,04339
21.12.2019;0,03894
23.12.2019;0,03629
24.12.2019;0,03664
25.12.2019;0,03718
27.12.2019;0,03783
03.01.2020;0,04177
08.01.2020;0,03519
09.01.2020;0,03424
10.01.2020;0,03222
11.01.2020;0,03144
13.01.2020;0,02353
14.01.2020;0,03228
15.01.2020;0,03419
16.01.2020;0,03225
17.01.2020;0,03596
20.01.2020;0,03754
21.01.2020;0,03350
22.01.2020;0,03504
23.01.2020;0,03569
24.01.2020;0,03981
27.01.2020;0,04844
28.01.2020;0,04830
29.01.2020;0,04915
30.01.2020;0,04832
31.01.2020;0,04611
03.02.2020;0,04227
04.02.2020;0,03903
05.02.2020;0,03862
06.02.2020;0,03479
07.02.2020;0,03430
10.02.2020;0,03445
11.02.2020;0,03947
12.02.2020;0,04253
13.02.2020;0,03933
14.02.2020;0,04287
17.02.2020;0,04082
18.02.2020;0,04600
19.02.2020;0,04186
20.02.2020;0,03921
21.02.2020;0,03957
24.02.2020;0,03872
25.02.2020;0,04329
26.02.2020;0,04292
27.02.2020;0,03370
28.02.2020;0,04136
02.03.2020;0,04004
03.03.2020;0,03139
04.03.2020;0,02621
05.03.2020;0,02385
06.03.2020;0,02195
10.03.2020;0,02751
11.03.2020;0,03006
12.03.2020;0,04538
13.03.2020;0,04601
16.03.2020;0,05273
17.03.2020;0,05003
18.03.2020;0,06665
19.03.2020;0,06103
20.03.2020;0,07597
23.03.2020;0,09691
24.03.2020;0,09339
25.03.2020;0,11469
26.03.2020;0,11210
27.03.2020;0,10787
30.03.2020;0,11372
31.03.2020;0,10086
01.04.2020;0,11057
02.04.2020;0,09984
03.04.2020;0,10159
06.04.2020;0,10138
07.04.2020;0,08516
08.04.2020;0,10047
09.04.2020;0,09201
10.04.2020;0,09231
13.04.2020;0,08779
14.04.2020;0,08972
15.04.2020;0,09070
16.04.2020;0,08913
17.04.2020;0,08377
21.04.2020;0,09115
22.04.2020;0,08101
23.04.2020;0,09411
24.04.2020;0,09537
27.04.2020;0,07709
28.04.2020;0,06072
29.04.2020;0,05836
30.04.2020;0,05774
04.05.2020;0,05411
05.05.2020;0,05464
06.05.2020;0,04882
07.05.2020;0,05012
08.05.2020;0,04846
12.05.2020;0,04682
13.05.2020;0,03816
14.05.2020;0,03567
15.05.2020;0,03529
18.05.2020;0,02692
19.05.2020;0,01558
20.05.2020;0,01343
21.05.2020;0,01539
22.05.2020;0,01335
25.05.2020;0,01292
26.05.2020;0,01683
27.05.2020;0,01931
28.05.2020;0,01932
29.05.2020;0,01943
01.06.2020;0,02356
02.06.2020;0,02254
03.06.2020;0,01287
04.06.2020;0,01274
05.06.2020;0,00988
09.06.2020;0,01547
10.06.2020;0,01808
11.06.2020;0,01979
12.06.2020;0,02145
15.06.2020;0,02810
16.06.2020;0,04631
17.06.2020;0,04843
18.06.2020;0,05065
19.06.2020;0,05395
22.06.2020;0,05027
23.06.2020;0,05204
24.06.2020;0,05495
25.06.2020;0,05516
26.06.2020;0,05381
30.06.2020;0,04940
01.07.2020;0,05115
02.07.2020;0,05878
03.07.2020;0,04042
06.07.2020;0,03252
07.07.2020;0,03364
08.07.2020;0,03615
09.07.2020;0,02831
10.07.2020;0,02482
13.07.2020;0,01688
14.07.2020;0,01364
15.07.2020;0,00916
16.07.2020;0,01130
17.07.2020;0,00602
20.07.2020;0,00513
21.07.2020;0,00390
22.07.2020;0,00346
23.07.2020;0,00305
24.07.2020;0,00150
27.07.2020;0,00745
28.07.2020;0,01568
29.07.2020;0,01568
30.07.2020;0,01797
31.07.2020;0,02616
03.08.2020;0,02452
04.08.2020;0,01393
05.08.2020;0,01195
06.08.2020;0,00766
07.08.2020;0,00519
10.08.2020;0,00192
11.08.2020;0,00309
12.08.2020;0,00662
13.08.2020;0,00445
14.08.2020;0,00703
17.08.2020;0,00818
18.08.2020;0,00837
19.08.2020;0,00823
20.08.2020;0,00633
21.08.2020;0,00718
25.08.2020;0,00467
26.08.2020;0,00387
27.08.2020;0,00883
28.08.2020;0,00729
31.08.2020;0,00495
01.09.2020;0,00378
02.09.2020;0,00260
03.09.2020;0,00212
04.09.2020;0,00270
07.09.2020;0,00181
08.09.2020;0,00186
09.09.2020;0,00217
10.09.2020;0,00203
11.09.2020;0,00177
14.09.2020;0,00190
15.09.2020;0,00303
16.09.2020;0,00238
17.09.2020;0,00306
18.09.2020;0,00362
21.09.2020;0,00414
22.09.2020;0,00544
23.09.2020;0,00410
24.09.2020;0,00334
25.09.2020;0,00418
28.09.2020;0,00370
29.09.2020;0,00449
30.09.2020;0,00332
01.10.2020;0,00181
02.10.2020;0,00137
05.10.2020;0,00151
06.10.2020;0,00322
07.10.2020;0,00142
08.10.2020;0,00065
09.10.2020;0,00048
12.10.2020;0,00098
13.10.2020;0,00185
15.10.2020;0,00153
16.10.2020;0,00106
19.10.2020;0,00110
20.10.2020;0,00266
21.10.2020;0,00257
22.10.2020;0,00268
23.10.2020;0,00236
26.10.2020;0,00211
27.10.2020;0,00325
28.10.2020;0,00309
29.10.2020;0,00284
30.10.2020;0,00293
02.11.2020;0,00214
03.11.2020;0,00470
04.11.2020;0,00357
05.11.2020;0,00355
06.11.2020;0,00294
09.11.2020;0,00205
10.11.2020;0,00181
11.11.2020;0,00255
12.11.2020;0,00180
13.11.2020;0,00134
16.11.2020;0,00226
17.11.2020;0,00167
18.11.2020;0,00289
19.11.2020;0,00292
20.11.2020;0,00172
23.11.2020;0,00195
24.11.2020;0,00177
25.11.2020;0,00239
26.11.2020;0,00207
27.11.2020;0,00159
30.11.2020;0,00195
01.12.2020;0,00249
02.12.2020;0,00211
03.12.2020;0,00582
04.12.2020;0,00910
07.12.2020;0,00927
08.12.2020;0,01190
09.12.2020;0,01585
10.12.2020;0,01782
11.12.2020;0,01909
14.12.2020;0,01956
15.12.2020;0,01799
16.12.2020;0,01989
17.12.2020;0,02148
18.12.2020;0,02740
21.12.2020;0,03122
22.12.2020;0,02955
23.12.2020;0,02172
24.12.2020;0,02217
28.12.2020;0,02144
29.12.2020;0,02495
30.12.2020;0,02507
31.12.2020;0,02359
04.01.2021;0,02458
05.01.2021;0,02798
06.01.2021;0,03092
11.01.2021;0,03125
12.01.2021;0,04362
13.01.2021;0,04820
14.01.2021;0,05585
15.01.2021;0,05293
16.01.2021;0,04482
18.01.2021;0,03967
19.01.2021;0,03427
20.01.2021;0,03469
21.01.2021;0,03578
22.01.2021;0,03378
25.01.2021;0,03102
26.01.2021;0,03262
27.01.2021;0,03112
28.01.2021;0,03405
29.01.2021;0,03101
01.02.2021;0,02662
02.02.2021;0,02879
03.02.2021;0,02816
04.02.2021;0,02867
05.02.2021;0,02303
08.02.2021;0,01969
09.02.2021;0,02503
10.02.2021;0,02874
11.02.2021;0,02451
12.02.2021;0,02722
15.02.2021;0,02396
16.02.2021;0,02530
17.02.2021;0,02182
18.02.2021;0,02416
19.02.2021;0,02748
22.02.2021;0,02366
23.02.2021;0,02378
24.02.2021;0,02418
25.02.2021;0,02714
26.02.2021;0,03215
01.03.2021;0,02933
02.03.2021;0,02815
03.03.2021;0,02682
04.03.2021;0,02732
05.03.2021;0,02727
09.03.2021;0,02317
10.03.2021;0,02517
11.03.2021;0,02601
12.03.2021;0,02708
15.03.2021;0,03095
16.03.2021;0,03918
17.03.2021;0,04039
18.03.2021;0,03915
19.03.2021;0,03639
22.03.2021;0,04526
23.03.2021;0,05483
24.03.2021;0,05383
25.03.2021;0,05255
26.03.2021;0,04829
29.03.2021;0,05042
30.03.2021;0,05494
31.03.2021;0,05108
01.04.2021;0,05397
02.04.2021;0,05358
05.04.2021;0,05524
06.04.2021;0,06015
07.04.2021;0,04682
08.04.2021;0,02940
09.04.2021;0,02694
12.04.2021;0,02530
13.04.2021;0,02678
14.04.2021;0,02055
15.04.2021;0,02298
16.04.2021;0,02296
19.04.2021;0,01996
20.04.2021;0,03063
21.04.2021;0,02489
22.04.2021;0,01104
23.04.2021;0,01331
26.04.2021;0,01576
27.04.2021;0,01783
28.04.2021;0,01831
29.04.2021;0,01848
30.04.2021;0,01735
05.05.2021;0,01679
06.05.2021;0,01692
07.05.2021;0,01539
11.05.2021;0,01214
12.05.2021;0,01484
13.05.2021;0,01624
14.05.2021;0,01489
17.05.2021;0,01361
18.05.2021;0,01589
19.05.2021;0,01655
20.05.2021;0,01687
21.05.2021;0,01660
24.05.2021;0,01815
25.05.2021;0,02319
26.05.2021;0,02464
27.05.2021;0,02474
28.05.2021;0,02262
31.05.2021;0,02204
01.06.2021;0,02842
02.06.2021;0,03195
03.06.2021;0,03108
04.06.2021;0,02575
07.06.2021;0,02640
08.06.2021;0,02463
09.06.2021;0,02747
10.06.2021;0,02822
11.06.2021;0,02555
14.06.2021;0,02479
15.06.2021;0,02366
16.06.2021;0,02399
17.06.2021;0,02661
18.06.2021;0,02502
22.06.2021;0,02496
23.06.2021;0,02991
24.06.2021;0,02767
25.06.2021;0,02635
29.06.2021;0,02447
30.06.2021;0,02847
01.07.2021;0,02507
02.07.2021;0,02675
05.07.2021;0,02417
06.07.2021;0,02494
07.07.2021;0,02575
08.07.2021;0,02133
09.07.2021;0,01954
12.07.2021;0,02049
13.07.2021;0,02297
14.07.2021;0,02513
15.07.2021;0,02427
16.07.2021;0,02957
19.07.2021;0,03404
20.07.2021;0,03992
21.07.2021;0,04947
22.07.2021;0,05413
23.07.2021;0,05493
26.07.2021;0,05382
27.07.2021;0,05599
28.07.2021;0,05680
29.07.2021;0,05669
30.07.2021;0,05941
02.08.2021;0,05443
03.08.2021;0,05777
04.08.2021;0,06202
05.08.2021;0,05727
06.08.2021;0,05459
09.08.2021;0,04844
10.08.2021;0,05524
11.08.2021;0,05422
12.08.2021;0,05545
13.08.2021;0,05405
16.08.2021;0,05271
17.08.2021;0,05581
18.08.2021;0,05711
19.08.2021;0,06003
20.08.2021;0,06080
25.08.2021;0,05496
26.08.2021;0,05705
27.08.2021;0,05728
28.08.2021;0,05937
30.08.2021;0,05340
31.08.2021;0,05246
01.09.2021;0,04874
02.09.2021;0,04959
03.09.2021;0,04937
06.09.2021;0,04860
07.09.2021;0,05046
08.09.2021;0,04459
09.09.2021;0,04481
10.09.2021;0,04462
13.09.2021;0,04528
14.09.2021;0,05184
15.09.2021;0,04725
16.09.2021;0,04719
17.09.2021;0,04555
20.09.2021;0,05604
21.09.2021;0,06418
22.09.2021;0,05831
23.09.2021;0,05650
24.09.2021;0,05774
27.09.2021;0,06005
28.09.2021;0,06406
29.09.2021;0,06010
30.09.2021;0,05752
01.10.2021;0,05669
04.10.2021;0,06195
05.10.2021;0,06905
06.10.2021;0,06087
07.10.2021;0,05617
08.10.2021;0,05099
11.10.2021;0,05269
12.10.2021;0,05819
13.10.2021;0,05592
18.10.2021;0,04947
19.10.2021;0,05323
20.10.2021;0,05572
21.10.2021;0,05648
22.10.2021;0,05760
23.10.2021;0,05310
25.10.2021;0,05363
26.10.2021;0,03749
27.10.2021;0,03229
28.10.2021;0,03134
29.10.2021;0,02921
01.11.2021;0,02713
02.11.2021;0,03075
03.11.2021;0,03009
04.11.2021;0,02845
05.11.2021;0,02702
08.11.2021;0,02010
09.11.2021;0,02184
10.11.2021;0,01799
11.11.2021;0,01799
12.11.2021;0,02035
15.11.2021;0,02116
16.11.2021;0,02296
17.11.2021;0,02313
18.11.2021;0,02603
19.11.2021;0,02578
22.11.2021;0,03079
23.11.2021;0,03354
24.11.2021;0,03210
25.11.2021;0,03070
26.11.2021;0,03328
29.11.2021;0,03239
30.11.2021;0,02274
01.12.2021;0,02249
02.12.2021;0,01633
03.12.2021;0,01796
06.12.2021;0,01736
07.12.2021;0,01913
08.12.2021;0,01551
09.12.2021;0,01936
10.12.2021;0,02401
13.12.2021;0,02802
14.12.2021;0,02989
15.12.2021;0,02923
16.12.2021;0,02071
17.12.2021;0,02023
20.12.2021;0,01495
21.12.2021;0,01492
22.12.2021;0,0132
23.12.2021;0,00995
24.12.2021;0,0094
28.12.2021;0,00973
29.12.2021;0,00942
30.12.2021;0,00991
31.12.2021;0,01144
04.01.2022;0,0098
05.01.2022;0,00769
06.01.2022;0,00858
10.01.2022;0,01045
11.01.2022;0,00945
12.01.2022;0,00763
13.01.2022;0,00904
14.01.2022;0,01515
17.01.2022;0,02522
18.01.2022;0,0388
19.01.2022;0,03811
20.01.2022;0,04112
21.01.2022;0,04182
24.01.2022;0,05621
25.01.2022;0,06422
26.01.2022;0,06323
27.01.2022;0,06158
28.01.2022;0,05784
31.01.2022;0,05753
01.02.2022;0,05741
02.02.2022;0,0526
03.02.2022;0,05173
04.02.2022;0,05681
07.02.2022;0,05743
08.02.2022;0,05558
09.02.2022;0,05172
10.02.2022;0,04732
11.02.2022;0,05489
14.02.2022;0,0606
15.02.2022;0,0632
16.02.2022;0,09763
17.02.2022;0,11311
18.02.2022;0,11157
21.02.2022;0,1555
22.02.2022;0,15853
23.02.2022;0,19928
24.02.2022;0,4656
25.02.2022;0,5853
28.02.2022;0,6113
01.03.2022;0,6485
02.03.2022;0,72
03.03.2022;0,7588
04.03.2022;0,8009
07.03.2022;0,7738
08.03.2022;0,5974
09.03.2022;0,5181
10.03.2022;0,5365
11.03.2022;0,5214
12.03.2022;0,5339
14.03.2022;0,5344
15.03.2022;0,5279
16.03.2022;0,4948
17.03.2022;0,4905
18.03.2022;0,4982
21.03.2022;0,5274
22.03.2022;0,4959
23.03.2022;0,5184
24.03.2022;0,4517
25.03.2022;0,4036
28.03.2022;0,4317
29.03.2022;0,4202
30.03.2022;0,4209
31.03.2022;0,4129
01.04.2022;0,4586
04.04.2022;0,4459
05.04.2022;0,4444
06.04.2022;0,4539
07.04.2022;0,3783
08.04.2022;0,3706
11.04.2022;0,3718
12.04.2022;0,3602
13.04.2022;0,3281
14.04.2022;0,3184
15.04.2022;0,3141
18.04.2022;0,2953
19.04.2022;0,329
20.04.2022;0,3148
21.04.2022;0,3037
22.04.2022;0,3133
25.04.2022;0,3184
26.04.2022;0,3207
27.04.2022;0,3168
28.04.2022;0,2907
29.04.2022;0,3101
02.05.2022;0,316
03.05.2022;0,2939
04.05.2022;0,2977
05.05.2022;0,2739
06.05.2022;0,2687
09.05.2022;0,2705
10.05.2022;0,2562
11.05.2022;0,2555
12.05.2022;0,2532
13.05.2022;0,2372
16.05.2022;0,2834
17.05.2022;0,2405
18.05.2022;0,2158
19.05.2022;0,2235
20.05.2022;0,2377
23.05.2022;0,2373
24.05.2022;0,2217
25.05.2022;0,2044
26.05.2022;0,203
27.05.2022;0,1972
30.05.2022;0,1915
01.06.2022;0,1959
02.06.2022;0,1982
03.06.2022;0,2104
06.06.2022;0,2138
07.06.2022;0,2125
08.06.2022;0,2217
09.06.2022;0,2185
10.06.2022;0,2228
13.06.2022;0,2315
14.06.2022;0,232
15.06.2022;0,2438
16.06.2022;0,2459
17.06.2022;0,2491
20.06.2022;0,2386
21.06.2022;0,2233
22.06.2022;0,2422
23.06.2022;0,2783
24.06.2022;0,2891
27.06.2022;0,2575
28.06.2022;0,2481
29.06.2022;0,2454
30.06.2022;0,2479
01.07.2022;0,252
04.07.2022;0,2402
05.07.2022;0,2545
06.07.2022;0,2585
07.07.2022;0,2677
08.07.2022;0,2704
11.07.2022;0,2643
12.07.2022;0,2785
13.07.2022;0,3065
14.07.2022;0,3131
15.07.2022;0,2919
18.07.2022;0,2881
19.07.2022;0,3164
20.07.2022;0,3039
21.07.2022;0,376
22.07.2022;0,3254
25.07.2022;0,4237
26.07.2022;0,4081
27.07.2022;0,4354
28.07.2022;0,4205
29.07.2022;0,4374
01.08.2022;0,4149
02.08.2022;0,3748
03.08.2022;0,3468
04.08.2022;0,33
05.08.2022;0,3466
08.08.2022;0,4307
09.08.2022;0,4361
10.08.2022;0,4427
11.08.2022;0,4443
12.08.2022;0,4708
15.08.2022;0,4578
16.08.2022;0,4674
17.08.2022;0,4755
18.08.2022;0,4705
19.08.2022;0,4806
22.08.2022;0,4824
23.08.2022;0,474
24.08.2022;0,4523
25.08.2022;0,4044
26.08.2022;0,4005
29.08.2022;0,4244
30.08.2022;0,4395
31.08.2022;0,4348
01.09.2022;0,3995
02.09.2022;0,3327
05.09.2022;0,2898
06.09.2022;0,2927
07.09.2022;0,2864
08.09.2022;0,2721
09.09.2022;0,2699
12.09.2022;0,2559
13.09.2022;0,2523
14.09.2022;0,2477
15.09.2022;0,2443
16.09.2022;0,2404
19.09.2022;0,2361
20.09.2022;0,2436
21.09.2022;0,2464
22.09.2022;0,2598
23.09.2022;0,2616
26.09.2022;0,2632
27.09.2022;0,2823
28.09.2022;0,3559
29.09.2022;0,4038
30.09.2022;0,3986
03.10.2022;0,3765
04.10.2022;0,3301
05.10.2022;0,3561
06.10.2022;0,4109
07.10.2022;0,4129
10.10.2022;0,3641
11.10.2022;0,3184
12.10.2022;0,2967
13.10.2022;0,298
14.10.2022;0,349
17.10.2022;0,3668
18.10.2022;0,3801
19.10.2022;0,4014
20.10.2022;0,4262
21.10.2022;0,4397
24.10.2022;0,4421
25.10.2022;0,4511
26.10.2022;0,4675
27.10.2022;0,4594
28.10.2022;0,474
31.10.2022;0,4604
01.11.2022;0,4383
02.11.2022;0,3946
03.11.2022;0,3561
04.11.2022;0,3237
07.11.2022;0,286
08.11.2022;0,2666
09.11.2022;0,2499
10.11.2022;0,2348
11.11.2022;0,2246
14.11.2022;0,2164
15.11.2022;0,214
16.11.2022;0,209
17.11.2022;0,2072
18.11.2022;0,2064
21.11.2022;0,2019
22.11.2022;0,2129
23.11.2022;0,1911
24.11.2022;0,1799
25.11.2022;0,1777
28.11.2022;0,1826
29.11.2022;0,1716
30.11.2022;0,1753
01.12.2022;0,1845
02.12.2022;0,1781
05.12.2022;0,1882
06.12.2022;0,1989
07.12.2022;0,198
08.12.2022;0,2078
09.12.2022;0,2134
12.12.2022;0,2077
13.12.2022;0,199
14.12.2022;0,1988
15.12.2022;0,194
16.12.2022;0,2045
19.12.2022;0,2016
20.12.2022;0,1932
21.12.2022;0,2026
22.12.2022;0,1964
23.12.2022;0,1983
26.12.2022;0,1956
27.12.2022;0,1787
28.12.2022;0,1817
29.12.2022;0,1806
30.12.2022;0,1844
02.01.2023;0,1722
03.01.2023;0,1718
04.01.2023;0,1693
05.01.2023;0,1658
06.01.2023;0,1685
09.01.2023;0,1706
10.01.2023;0,1701
11.01.2023;0,1664
12.01.2023;0,1627
13.01.2023;0,1612
16.01.2023;0,1576
17.01.2023;0,1564
18.01.2023;0,1563
19.01.2023;0,1538
20.01.2023;0,1539
23.01.2023;0,1519
24.01.2023;0,146
25.01.2023;0,1458
26.01.2023;0,1478
27.01.2023;0,1419
30.01.2023;0,1417
31.01.2023;0,1249
01.02.2023;0,1247
02.02.2023;0,1162
03.02.2023;0,1312
06.02.2023;0,1542
07.02.2023;0,1422
08.02.2023;0,1343
09.02.2023;0,1292
10.02.2023;0,1271
13.02.2023;0,14
14.02.2023;0,1307
15.02.2023;0,1211
16.02.2023;0,1212
17.02.2023;0,1194
20.02.2023;0,1242
21.02.2023;0,1245
22.02.2023;0,1278
23.02.2023;0,1231
24.02.2023;0,1217
27.02.2023;0,1255
28.02.2023;0,1207
01.03.2023;0,1351
02.03.2023;0,1253
03.03.2023;0,1309
06.03.2023;0,1972
07.03.2023;0,2171
08.03.2023;0,2172
09.03.2023;0,2153
10.03.2023;0,1906
13.03.2023;0,1577
14.03.2023;0,1343
15.03.2023;0,132
16.03.2023;0,1397
17.03.2023;0,1337
20.03.2023;0,1686
21.03.2023;0,2162
22.03.2023;0,2275
23.03.2023;0,241
24.03.2023;0,2445
27.03.2023;0,2536
28.03.2023;0,2611
29.03.2023;0,265
30.03.2023;0,2738
31.03.2023;0,262
03.04.2023;0,2643
04.04.2023;0,2661
05.04.2023;0,2742
06.04.2023;0,2732
07.04.2023;0,2613
10.04.2023;0,2621
11.04.2023;0,258
12.04.2023;0,2637
13.04.2023;0,265
14.04.2023;0,261
17.04.2023;0,2564
18.04.2023;0,2609
19.04.2023;0,2589
20.04.2023;0,2587
21.04.2023;0,2639
24.04.2023;0,266
25.04.2023;0,2627
26.04.2023;0,2561
27.04.2023;0,2528
28.04.2023;0,2524
01.05.2023;0,2485
02.05.2023;0,2171
03.05.2023;0,2148
04.05.2023;0,1905
05.05.2023;0,1771
08.05.2023;0,1629
09.05.2023;0,1702
10.05.2023;0,1902
11.05.2023;0,2095
12.05.2023;0,2263
15.05.2023;0,2375
16.05.2023;0,2396
17.05.2023;0,2463
18.05.2023;0,2558
19.05.2023;0,2611
22.05.2023;0,2603
23.05.2023;0,2538
24.05.2023;0,2485
25.05.2023;0,2555
26.05.2023;0,2617
29.05.2023;0,2646
30.05.2023;0,2572
31.05.2023;0,2563
01.06.2023;0,2534
02.06.2023;0,2588
03.06.2023;0,2552
06.06.2023;0,2584
07.06.2023;0,25
08.06.2023;0,2537
09.06.2023;0,2379
10.06.2023;0,2296
13.06.2023;0,2295
14.06.2023;0,2192
15.06.2023;0,2136
16.06.2023;0,1979
17.06.2023;0,1915
20.06.2023;0,1797
21.06.2023;0,1592
22.06.2023;0,1448
23.06.2023;0,1351
24.06.2023;0,1329
27.06.2023;0,1297
28.06.2023;0,1222
29.06.2023;0,1163
30.06.2023;0,1168
01.07.2023;0,1148
04.07.2023;0,1148
05.07.2023;0,1232
06.07.2023;0,125
07.07.2023;0,1238
10.07.2023;0,118
11.07.2023;0,1238
12.07.2023;0,1187
13.07.2023;0,1146
14.07.2023;0,1195
17.07.2023;0,1163
18.07.2023;0,1221
19.07.2023;0,1219
20.07.2023;0,1278
21.07.2023;0,1254
24.07.2023;0,1242
25.07.2023;0,1235
26.07.2023;0,1264
27.07.2023;0,1268
28.07.2023;0,1243
31.07.2023;0,1281
01.08.2023;0,1283
02.08.2023;0,1373
03.08.2023;0,135
04.08.2023;0,1372
07.08.2023;0,1435
08.08.2023;0,1364
09.08.2023;0,1303
10.08.2023;0,1309
11.08.2023;0,1294
14.08.2023;0,1325
15.08.2023;0,1322
16.08.2023;0,1278
17.08.2023;0,1324
18.08.2023;0,1329
21.08.2023;0,1269
22.08.2023;0,1355
23.08.2023;0,1276
24.08.2023;0,1307
25.08.2023;0,1339
28.08.2023;0,1302
29.08.2023;0,1345
30.08.2023;0,1364
31.08.2023;0,1365
01.09.2023;0,1371
04.09.2023;0,1344
05.09.2023;0,1414
06.09.2023;0,1373
07.09.2023;0,1401
08.09.2023;0,1272
11.09.2023;0,1313
12.09.2023;0,1323
13.09.2023;0,1304
14.09.2023;0,134
15.09.2023;0,1264
18.09.2023;0,1323
19.09.2023;0,1376
20.09.2023;0,1336
21.09.2023;0,1343
22.09.2023;0,1381
25.09.2023;0,1313
26.09.2023;0,1344
27.09.2023;0,1366
28.09.2023;0,1368
29.09.2023;0,1378
02.10.2023;0,1392
03.10.2023;0,1401
04.10.2023;0,1487
05.10.2023;0,1414
06.10.2023;0,1347
09.10.2023;0,1268
10.10.2023;0,1187
11.10.2023;0,0878
12.10.2023;0,0813
13.10.2023;0,094
16.10.2023;0,1025
17.10.2023;0,1064
18.10.2023;0,1163
19.10.2023;0,1284
20.10.2023;0,1302
23.10.2023;0,1313
24.10.2023;0,1319
25.10.2023;0,1317
26.10.2023;0,1352
27.10.2023;0,1354
30.10.2023;0,1339
31.10.2023;0,1271
01.11.2023;0,1232
02.11.2023;0,124
03.11.2023;0,1277
06.11.2023;0,126
07.11.2023;0,1172
08.11.2023;0,1126
09.11.2023;0,1067
10.11.2023;0,1174
13.11.2023;0,1164
14.11.2023;0,1165
15.11.2023;0,1195
16.11.2023;0,1165
17.11.2023;0,1191
20.11.2023;0,1164
21.11.2023;0,1186
22.11.2023;0,1267
23.11.2023;0,12
24.11.2023;0,1266
27.11.2023;0,124
28.11.2023;0,1247
29.11.2023;0,1266
30.11.2023;0,1214
01.12.2023;0,1187
04.12.2023;0,1201
05.12.2023;0,1207
06.12.2023;0,1183
07.12.2023;0,1138
08.12.2023;0,0991
11.12.2023;0,0678
12.12.2023;0,0661
13.12.2023;0,0978
14.12.2023;0,1088
15.12.2023;0,1129
18.12.2023;0,1175
19.12.2023;0,127
20.12.2023;0,1363
21.12.2023;0,1402
22.12.2023;0,1381
25.12.2023;0,1352
26.12.2023;0,125
27.12.2023;0,1109
28.12.2023;0,0955
29.12.2023;0,098
01.01.2024;0,1047
02.01.2024;0,0998
03.01.2024;0,115
04.01.2024;0,1256
05.01.2024;0,1317
08.01.2024;0,1355
09.01.2024;0,1358
10.01.2024;0,1356
11.01.2024;0,1421
12.01.2024;0,1435
15.01.2024;0,142
16.01.2024;0,1488
17.01.2024;0,1502
18.01.2024;0,1568
19.01.2024;0,1613
22.01.2024;0,1621
23.01.2024;0,1589
24.01.2024;0,1577
25.01.2024;0,1592
26.01.2024;0,1601
29.01.2024;0,1608
30.01.2024;0,1602
31.01.2024;0,1616
01.02.2024;0,1594
02.02.2024;0,1608
05.02.2024;0,1584
06.02.2024;0,1604
07.02.2024;0,1584
08.02.2024;0,1539
09.02.2024;0,1572
12.02.2024;0,1599
13.02.2024;0,1597
14.02.2024;0,1553
15.02.2024;0,1497
16.02.2024;0,1526
19.02.2024;0,1557
20.02.2024;0,1568
21.02.2024;0,1561
22.02.2024;0,1501
23.02.2024;0,1448
26.02.2024;0,1419
27.02.2024;0,1434
28.02.2024;0,1418
29.02.2024;0,1363
01.03.2024;0,1339
04.03.2024;0,1303
05.03.2024;0,1306
06.03.2024;0,1274
07.03.2024;0,1255
08.03.2024;0,1218
11.03.2024;0,1183
12.03.2024;0,125
13.03.2024;0,1245
14.03.2024;0,1293
15.03.2024;0,1243
18.03.2024;0,1268
19.03.2024;0,1323
20.03.2024;0,132
21.03.2024;0,1307
22.03.2024;0,1295
25.03.2024;0,1271
26.03.2024;0,1309
27.03.2024;0,1332
28.03.2024;0,132
29.03.2024;0,1359
01.04.2024;0,1294
02.04.2024;0,1308
03.04.2024;0,1332
04.04.2024;0,1354
05.04.2024;0,1338
08.04.2024;0,1341
09.04.2024;0,128
10.04.2024;0,1268
11.04.2024;0,1312
12.04.2024;0,1316
15.04.2024;0,1334
16.04.2024;0,1365
17.04.2024;0,142
18.04.2024;0,148
19.04.2024;0,1527
22.04.2024;0,1527
23.04.2024;0,1472
24.04.2024;0,1432
25.04.2024;0,1491
26.04.2024;0,1569
29.04.2024;0,156
30.04.2024;0,1526
01.05.2024;0,1517
02.05.2024;0,1571
03.05.2024;0,1537
06.05.2024;0,1548
07.05.2024;0,1457
08.05.2024;0,1438
09.05.2024;0,1444
10.05.2024;0,1455
13.05.2024;0,1428
14.05.2024;0,1417
15.05.2024;0,1398
16.05.2024;0,1387
17.05.2024;0,1405
20.05.2024;0,1402
21.05.2024;0,1472
22.05.2024;0,1411
23.05.2024;0,1403
24.05.2024;0,1403
27.05.2024;0,1427
28.05.2024;0,1482
29.05.2024;0,1502
30.05.2024;0,1531
31.05.2024;0,1484
03.06.2024;0,1499
04.06.2024;0,1516
05.06.2024;0,1525
06.06.2024;0,1473
07.06.2024;0,1428
10.06.2024;0,1444
11.06.2024;0,1478
12.06.2024;0,1529
13.06.2024;0,1526
14.06.2024;0,1479
17.06.2024;0,1496
18.06.2024;0,1522
19.06.2024;0,1638
20.06.2024;0,1602
21.06.2024;0,1539
24.06.2024;0,148
25.06.2024;0,1492
26.06.2024;0,1516
27.06.2024;0,1522
28.06.2024;0,1533
01.07.2024;0,1459
02.07.2024;0,1503
03.07.2024;0,1531
04.07.2024;0,1524
05.07.2024;0,1547
08.07.2024;0,1559
09.07.2024;0,1448
10.07.2024;0,1393
11.07.2024;0,1414
12.07.2024;0,1455
15.07.2024;0,148
16.07.2024;0,1473
17.07.2024;0,1483
18.07.2024;0,1523
19.07.2024;0,1547
22.07.2024;0,1508
23.07.2024;0,1432
24.07.2024;0,1418
25.07.2024;0,1493
26.07.2024;0,1523
29.07.2024;0,1536
30.07.2024;0,1547
31.07.2024;0,152
01.08.2024;0,1576
02.08.2024;0,1606
05.08.2024;0,1608
06.08.2024;0,153
07.08.2024;0,1497
08.08.2024;0,1485
09.08.2024;0,152
12.08.2024;0,1515
13.08.2024;0,1518
14.08.2024;0,1522
15.08.2024;0,1496
16.08.2024;0,1492
19.08.2024;0,1483
20.08.2024;0,1555
21.08.2024;0,1516
22.08.2024;0,1478
23.08.2024;0,1512
26.08.2024;0,1493
27.08.2024;0,1524
28.08.2024;0,1543
29.08.2024;0,1495
30.08.2024;0,1479
02.09.2024;0,1025
03.09.2024;0,0991
04.09.2024;0,0958
05.09.2024;0,1157
06.09.2024;0,101
09.09.2024;0,087
10.09.2024;0,0833
11.09.2024;0,0978
12.09.2024;0,0901
13.09.2024;0,0916
16.09.2024;0,0948
17.09.2024;0,0938
18.09.2024;0,0969
19.09.2024;0,1021
20.09.2024;0,0983
21.09.2024;0,0917
22.09.2024;0,0908
23.09.2024;0,0895
24.09.2024;0,0947
25.09.2024;0,1009
26.09.2024;0,0991
27.09.2024;0,1063
28.09.2024;0,1007
29.09.2024;0,0992
30.09.2024;0,0995
01.10.2024;0,0952
02.10.2024;0,0995
03.10.2024;0,0944
04.10.2024;0,0924
05.10.2024;0,0866
06.10.2024;0,0819
07.10.2024;0,0858
08.10.2024;0,0825
09.10.2024;0,0822
10.10.2024;0,0829
11.10.2024;0,0908
14.10.2024;0,1134
15.10.2024;0,1073
16.10.2024;0,0881
17.10.2024;0,0887
18.10.2024;0,0851
21.10.2024;0,0876
22.10.2024;0,0886
23.10.2024;0,0922
24.10.2024;0,0907
25.10.2024;0,091
28.10.2024;0,0881
29.10.2024;0,0998
30.10.2024;0,0874
31.10.2024;0,0931
01.11.2024;0,0949
04.11.2024;0,0935
05.11.2024;0,0872
06.11.2024;0,0854
07.11.2024;0,0817
08.11.2024;0,077
11.11.2024;0,0592
12.11.2024;0,0481
13.11.2024;0,0629
14.11.2024;0,0671
15.11.2024;0,0702
18.11.2024;0,0725
19.11.2024;0,079
20.11.2024;0,0769
21.11.2024;0,0751
22.11.2024;0,0817
25.11.2024;0,0881
26.11.2024;0,0837
27.11.2024;0,0838
28.11.2024;0,0852
29.11.2024;0,0839
02.12.2024;0,0845
