"Показник","Територіальний розріз","Період","Значення cпостереження"
"Загальний коефіцієнт прибуття (всі потоки)","Вінницька","2002","179"
"Загальний коефіцієнт прибуття (всі потоки)","Вінницька","2003","179.9"
"Загальний коефіцієнт прибуття (всі потоки)","Вінницька","2004","185"
"Загальний коефіцієнт прибуття (всі потоки)","Вінницька","2005","174.4"
"Загальний коефіцієнт прибуття (всі потоки)","Вінницька","2006","187.1"
"Загальний коефіцієнт прибуття (всі потоки)","Вінницька","2007","188.4"
"Загальний коефіцієнт прибуття (всі потоки)","Вінницька","2008","175.7"
"Загальний коефіцієнт прибуття (всі потоки)","Вінницька","2009","176.5"
"Загальний коефіцієнт прибуття (всі потоки)","Вінницька","2010","186.4"
"Загальний коефіцієнт прибуття (всі потоки)","Вінницька","2011","192.8"
"Загальний коефіцієнт прибуття (всі потоки)","Вінницька","2012","188.8"
"Загальний коефіцієнт прибуття (всі потоки)","Вінницька","2013","178.6"
"Загальний коефіцієнт прибуття (всі потоки)","Вінницька","2014","159.8"
"Загальний коефіцієнт прибуття (всі потоки)","Вінницька","2015","173.2"
"Загальний коефіцієнт прибуття (всі потоки)","Вінницька","2016","35.1"
"Загальний коефіцієнт прибуття (всі потоки)","Вінницька","2017","44.4"
"Загальний коефіцієнт прибуття (всі потоки)","Вінницька","2018","142.8"
"Загальний коефіцієнт прибуття (всі потоки)","Вінницька","2019","135.5"
"Загальний коефіцієнт прибуття (всі потоки)","Вінницька","2020","91.2"
"Загальний коефіцієнт прибуття (всі потоки)","Вінницька","2021","107.1"
"Загальний коефіцієнт прибуття (всі потоки)","Донецька","2002","141.5"
"Загальний коефіцієнт прибуття (всі потоки)","Донецька","2003","144.4"
"Загальний коефіцієнт прибуття (всі потоки)","Донецька","2004","148.3"
"Загальний коефіцієнт прибуття (всі потоки)","Донецька","2005","142.5"
"Загальний коефіцієнт прибуття (всі потоки)","Донецька","2006","142.1"
"Загальний коефіцієнт прибуття (всі потоки)","Донецька","2007","143.8"
"Загальний коефіцієнт прибуття (всі потоки)","Донецька","2008","135.5"
"Загальний коефіцієнт прибуття (всі потоки)","Донецька","2009","116.7"
"Загальний коефіцієнт прибуття (всі потоки)","Донецька","2010","130.8"
"Загальний коефіцієнт прибуття (всі потоки)","Донецька","2011","116.7"
"Загальний коефіцієнт прибуття (всі потоки)","Донецька","2012","125"
"Загальний коефіцієнт прибуття (всі потоки)","Донецька","2013","116.8"
"Загальний коефіцієнт прибуття (всі потоки)","Автономна Республіка Крим","2002","200.3"
"Загальний коефіцієнт прибуття (всі потоки)","Автономна Республіка Крим","2003","183"
"Загальний коефіцієнт прибуття (всі потоки)","Автономна Республіка Крим","2004","197"
"Загальний коефіцієнт прибуття (всі потоки)","Автономна Республіка Крим","2005","197.2"
"Загальний коефіцієнт прибуття (всі потоки)","Автономна Республіка Крим","2006","195.2"
"Загальний коефіцієнт прибуття (всі потоки)","Автономна Республіка Крим","2007","185.5"
"Загальний коефіцієнт прибуття (всі потоки)","Автономна Республіка Крим","2008","171.5"
"Загальний коефіцієнт прибуття (всі потоки)","Автономна Республіка Крим","2009","146.2"
"Загальний коефіцієнт прибуття (всі потоки)","Автономна Республіка Крим","2010","154"
"Загальний коефіцієнт прибуття (всі потоки)","Автономна Республіка Крим","2011","141.7"
"Загальний коефіцієнт прибуття (всі потоки)","Автономна Республіка Крим","2012","156.7"
"Загальний коефіцієнт прибуття (всі потоки)","Автономна Республіка Крим","2013","153.2"
"Загальний коефіцієнт прибуття (всі потоки)","Автономна Республіка Крим","2014",""
"Загальний коефіцієнт прибуття (всі потоки)","Автономна Республіка Крим","2015",""
"Загальний коефіцієнт прибуття (всі потоки)","Автономна Республіка Крим","2016",""
"Загальний коефіцієнт прибуття (всі потоки)","Автономна Республіка Крим","2017",""
"Загальний коефіцієнт прибуття (всі потоки)","Автономна Республіка Крим","2018",""
"Загальний коефіцієнт прибуття (всі потоки)","Автономна Республіка Крим","2019",""
"Загальний коефіцієнт прибуття (всі потоки)","Автономна Республіка Крим","2020",""
"Загальний коефіцієнт прибуття (всі потоки)","Автономна Республіка Крим","2021",""
"Загальний коефіцієнт прибуття (всі потоки)","Дніпропетровська","2002","151.8"
"Загальний коефіцієнт прибуття (всі потоки)","Дніпропетровська","2003","151.7"
"Загальний коефіцієнт прибуття (всі потоки)","Дніпропетровська","2004","164.1"
"Загальний коефіцієнт прибуття (всі потоки)","Дніпропетровська","2005","163.2"
"Загальний коефіцієнт прибуття (всі потоки)","Дніпропетровська","2006","157.7"
"Загальний коефіцієнт прибуття (всі потоки)","Дніпропетровська","2007","156.8"
"Загальний коефіцієнт прибуття (всі потоки)","Дніпропетровська","2008","136.5"
"Загальний коефіцієнт прибуття (всі потоки)","Дніпропетровська","2009","123"
"Загальний коефіцієнт прибуття (всі потоки)","Дніпропетровська","2010","138.8"
"Загальний коефіцієнт прибуття (всі потоки)","Дніпропетровська","2011","138.5"
"Загальний коефіцієнт прибуття (всі потоки)","Дніпропетровська","2012","146.6"
"Загальний коефіцієнт прибуття (всі потоки)","Дніпропетровська","2013","139.1"
"Загальний коефіцієнт прибуття (всі потоки)","Дніпропетровська","2014","119.5"
"Загальний коефіцієнт прибуття (всі потоки)","Дніпропетровська","2015","115.1"
"Загальний коефіцієнт прибуття (всі потоки)","Дніпропетровська","2016","35.3"
"Загальний коефіцієнт прибуття (всі потоки)","Дніпропетровська","2017","158.5"
"Загальний коефіцієнт прибуття (всі потоки)","Дніпропетровська","2018","128.1"
"Загальний коефіцієнт прибуття (всі потоки)","Дніпропетровська","2019","109.6"
"Загальний коефіцієнт прибуття (всі потоки)","Дніпропетровська","2020","86.9"
"Загальний коефіцієнт прибуття (всі потоки)","Дніпропетровська","2021","96.5"
"Загальний коефіцієнт прибуття (всі потоки)","Україна","2002","157.7"
"Загальний коефіцієнт прибуття (всі потоки)","Україна","2003","159.4"
"Загальний коефіцієнт прибуття (всі потоки)","Україна","2004","166.3"
"Загальний коефіцієнт прибуття (всі потоки)","Україна","2005","162"
"Загальний коефіцієнт прибуття (всі потоки)","Україна","2006","163.7"
"Загальний коефіцієнт прибуття (всі потоки)","Україна","2007","163"
"Загальний коефіцієнт прибуття (всі потоки)","Україна","2008","153.6"
"Загальний коефіцієнт прибуття (всі потоки)","Україна","2009","139.6"
"Загальний коефіцієнт прибуття (всі потоки)","Україна","2010","149"
"Загальний коефіцієнт прибуття (всі потоки)","Україна","2011","146.4"
"Загальний коефіцієнт прибуття (всі потоки)","Україна","2012","159.3"
"Загальний коефіцієнт прибуття (всі потоки)","Україна","2013","148.6"
"Загальний коефіцієнт прибуття (всі потоки)","Україна","2014","126.2"
"Загальний коефіцієнт прибуття (всі потоки)","Україна","2015","140.5"
"Загальний коефіцієнт прибуття (всі потоки)","Україна","2016","68.9"
"Загальний коефіцієнт прибуття (всі потоки)","Україна","2017","119.7"
"Загальний коефіцієнт прибуття (всі потоки)","Україна","2018","167.6"
"Загальний коефіцієнт прибуття (всі потоки)","Україна","2019","154.4"
"Загальний коефіцієнт прибуття (всі потоки)","Україна","2020","117"
"Загальний коефіцієнт прибуття (всі потоки)","Україна","2021","129.6"
"Загальний коефіцієнт прибуття (всі потоки)","Волинська","2002","155.3"
"Загальний коефіцієнт прибуття (всі потоки)","Волинська","2003","134.8"
"Загальний коефіцієнт прибуття (всі потоки)","Волинська","2004","178.3"
"Загальний коефіцієнт прибуття (всі потоки)","Волинська","2005","179.4"
"Загальний коефіцієнт прибуття (всі потоки)","Волинська","2006","190"
"Загальний коефіцієнт прибуття (всі потоки)","Волинська","2007","192.5"
"Загальний коефіцієнт прибуття (всі потоки)","Волинська","2008","183.9"
"Загальний коефіцієнт прибуття (всі потоки)","Волинська","2009","164.7"
"Загальний коефіцієнт прибуття (всі потоки)","Волинська","2010","170.9"
"Загальний коефіцієнт прибуття (всі потоки)","Волинська","2011","166.3"
"Загальний коефіцієнт прибуття (всі потоки)","Волинська","2012","164.3"
"Загальний коефіцієнт прибуття (всі потоки)","Волинська","2013","154"
"Загальний коефіцієнт прибуття (всі потоки)","Волинська","2014","137.2"
"Загальний коефіцієнт прибуття (всі потоки)","Волинська","2015","155.9"
"Загальний коефіцієнт прибуття (всі потоки)","Волинська","2016","43.4"
"Загальний коефіцієнт прибуття (всі потоки)","Волинська","2017","83.4"
"Загальний коефіцієнт прибуття (всі потоки)","Волинська","2018","164.9"
"Загальний коефіцієнт прибуття (всі потоки)","Волинська","2019","141.7"
"Загальний коефіцієнт прибуття (всі потоки)","Волинська","2020","104"
"Загальний коефіцієнт прибуття (всі потоки)","Волинська","2021","112.1"
"Загальний коефіцієнт прибуття (всі потоки)","Закарпатська","2002","70.8"
"Загальний коефіцієнт прибуття (всі потоки)","Закарпатська","2003","71"
"Загальний коефіцієнт прибуття (всі потоки)","Закарпатська","2004","76.7"
"Загальний коефіцієнт прибуття (всі потоки)","Закарпатська","2005","74.6"
"Загальний коефіцієнт прибуття (всі потоки)","Закарпатська","2006","78"
"Загальний коефіцієнт прибуття (всі потоки)","Закарпатська","2007","77.4"
"Загальний коефіцієнт прибуття (всі потоки)","Закарпатська","2008","75.6"
"Загальний коефіцієнт прибуття (всі потоки)","Закарпатська","2009","63.4"
"Загальний коефіцієнт прибуття (всі потоки)","Закарпатська","2010","67.8"
"Загальний коефіцієнт прибуття (всі потоки)","Закарпатська","2011","68.1"
"Загальний коефіцієнт прибуття (всі потоки)","Закарпатська","2012","67.6"
"Загальний коефіцієнт прибуття (всі потоки)","Закарпатська","2013","54.5"
"Загальний коефіцієнт прибуття (всі потоки)","Закарпатська","2014","52.4"
"Загальний коефіцієнт прибуття (всі потоки)","Закарпатська","2015","48.5"
"Загальний коефіцієнт прибуття (всі потоки)","Закарпатська","2016","26.3"
"Загальний коефіцієнт прибуття (всі потоки)","Закарпатська","2017","47.8"
"Загальний коефіцієнт прибуття (всі потоки)","Закарпатська","2018","66.1"
"Загальний коефіцієнт прибуття (всі потоки)","Закарпатська","2019","57.7"
"Загальний коефіцієнт прибуття (всі потоки)","Закарпатська","2020","43.7"
"Загальний коефіцієнт прибуття (всі потоки)","Закарпатська","2021","53.7"
"Загальний коефіцієнт прибуття (всі потоки)","Житомирська","2002","178"
"Загальний коефіцієнт прибуття (всі потоки)","Житомирська","2003","179.7"
"Загальний коефіцієнт прибуття (всі потоки)","Житомирська","2004","179.4"
"Загальний коефіцієнт прибуття (всі потоки)","Житомирська","2005","169.6"
"Загальний коефіцієнт прибуття (всі потоки)","Житомирська","2006","180.9"
"Загальний коефіцієнт прибуття (всі потоки)","Житомирська","2007","178.1"
"Загальний коефіцієнт прибуття (всі потоки)","Житомирська","2008","172.5"
"Загальний коефіцієнт прибуття (всі потоки)","Житомирська","2009","152.6"
"Загальний коефіцієнт прибуття (всі потоки)","Житомирська","2010","183.6"
"Загальний коефіцієнт прибуття (всі потоки)","Житомирська","2011","178.7"
"Загальний коефіцієнт прибуття (всі потоки)","Житомирська","2012","193.7"
"Загальний коефіцієнт прибуття (всі потоки)","Житомирська","2013","169.8"
"Загальний коефіцієнт прибуття (всі потоки)","Житомирська","2014","143.2"
"Загальний коефіцієнт прибуття (всі потоки)","Житомирська","2015","158.1"
"Загальний коефіцієнт прибуття (всі потоки)","Житомирська","2016","103"
"Загальний коефіцієнт прибуття (всі потоки)","Житомирська","2017","115"
"Загальний коефіцієнт прибуття (всі потоки)","Житомирська","2018","178.4"
"Загальний коефіцієнт прибуття (всі потоки)","Житомирська","2019","166.6"
"Загальний коефіцієнт прибуття (всі потоки)","Житомирська","2020","134.2"
"Загальний коефіцієнт прибуття (всі потоки)","Житомирська","2021","140"
"Загальний коефіцієнт прибуття (всі потоки)","Чернігівська","2002","172.4"
"Загальний коефіцієнт прибуття (всі потоки)","Чернігівська","2003","169.1"
"Загальний коефіцієнт прибуття (всі потоки)","Чернігівська","2004","160.3"
"Загальний коефіцієнт прибуття (всі потоки)","Чернігівська","2005","165.2"
"Загальний коефіцієнт прибуття (всі потоки)","Чернігівська","2006","173"
"Загальний коефіцієнт прибуття (всі потоки)","Чернігівська","2007","177.4"
"Загальний коефіцієнт прибуття (всі потоки)","Чернігівська","2008","162.3"
"Загальний коефіцієнт прибуття (всі потоки)","Чернігівська","2009","158.4"
"Загальний коефіцієнт прибуття (всі потоки)","Чернігівська","2010","165.6"
"Загальний коефіцієнт прибуття (всі потоки)","Чернігівська","2011","164.4"
"Загальний коефіцієнт прибуття (всі потоки)","Чернігівська","2012","157.8"
"Загальний коефіцієнт прибуття (всі потоки)","Чернігівська","2013","142.7"
"Загальний коефіцієнт прибуття (всі потоки)","Чернігівська","2014","128.2"
"Загальний коефіцієнт прибуття (всі потоки)","Чернігівська","2015","157.5"
"Загальний коефіцієнт прибуття (всі потоки)","Чернігівська","2016","68.2"
"Загальний коефіцієнт прибуття (всі потоки)","Чернігівська","2017","83.5"
"Загальний коефіцієнт прибуття (всі потоки)","Чернігівська","2018","162.9"
"Загальний коефіцієнт прибуття (всі потоки)","Чернігівська","2019","132.3"
"Загальний коефіцієнт прибуття (всі потоки)","Чернігівська","2020","105"
"Загальний коефіцієнт прибуття (всі потоки)","Чернігівська","2021","114.4"
"Загальний коефіцієнт прибуття (всі потоки)","Рівненська","2002","192"
"Загальний коефіцієнт прибуття (всі потоки)","Рівненська","2003","185.3"
"Загальний коефіцієнт прибуття (всі потоки)","Рівненська","2004","177.1"
"Загальний коефіцієнт прибуття (всі потоки)","Рівненська","2005","178.3"
"Загальний коефіцієнт прибуття (всі потоки)","Рівненська","2006","189.6"
"Загальний коефіцієнт прибуття (всі потоки)","Рівненська","2007","194.5"
"Загальний коефіцієнт прибуття (всі потоки)","Рівненська","2008","170.1"
"Загальний коефіцієнт прибуття (всі потоки)","Рівненська","2009","164.9"
"Загальний коефіцієнт прибуття (всі потоки)","Рівненська","2010","169.7"
"Загальний коефіцієнт прибуття (всі потоки)","Рівненська","2011","160"
"Загальний коефіцієнт прибуття (всі потоки)","Рівненська","2012","169.5"
"Загальний коефіцієнт прибуття (всі потоки)","Рівненська","2013","162.2"
"Загальний коефіцієнт прибуття (всі потоки)","Рівненська","2014","162.9"
"Загальний коефіцієнт прибуття (всі потоки)","Рівненська","2015","170.6"
"Загальний коефіцієнт прибуття (всі потоки)","Рівненська","2016","65.6"
"Загальний коефіцієнт прибуття (всі потоки)","Рівненська","2017","131"
"Загальний коефіцієнт прибуття (всі потоки)","Рівненська","2018","189.8"
"Загальний коефіцієнт прибуття (всі потоки)","Рівненська","2019","160.7"
"Загальний коефіцієнт прибуття (всі потоки)","Рівненська","2020","125.7"
"Загальний коефіцієнт прибуття (всі потоки)","Рівненська","2021","136.7"
"Загальний коефіцієнт прибуття (всі потоки)","Севастополь","2002","160.2"
"Загальний коефіцієнт прибуття (всі потоки)","Севастополь","2003","156.6"
"Загальний коефіцієнт прибуття (всі потоки)","Севастополь","2004","166.6"
"Загальний коефіцієнт прибуття (всі потоки)","Севастополь","2005","170"
"Загальний коефіцієнт прибуття (всі потоки)","Севастополь","2006","156.1"
"Загальний коефіцієнт прибуття (всі потоки)","Севастополь","2007","151.6"
"Загальний коефіцієнт прибуття (всі потоки)","Севастополь","2008","151.5"
"Загальний коефіцієнт прибуття (всі потоки)","Севастополь","2009","121.2"
"Загальний коефіцієнт прибуття (всі потоки)","Севастополь","2010","138.4"
"Загальний коефіцієнт прибуття (всі потоки)","Севастополь","2011","132.6"
"Загальний коефіцієнт прибуття (всі потоки)","Севастополь","2012","168.3"
"Загальний коефіцієнт прибуття (всі потоки)","Севастополь","2013","172"
"Загальний коефіцієнт прибуття (всі потоки)","Севастополь","2014",""
"Загальний коефіцієнт прибуття (всі потоки)","Севастополь","2015",""
"Загальний коефіцієнт прибуття (всі потоки)","Севастополь","2016",""
"Загальний коефіцієнт прибуття (всі потоки)","Севастополь","2017",""
"Загальний коефіцієнт прибуття (всі потоки)","Севастополь","2018",""
"Загальний коефіцієнт прибуття (всі потоки)","Севастополь","2019",""
"Загальний коефіцієнт прибуття (всі потоки)","Севастополь","2020",""
"Загальний коефіцієнт прибуття (всі потоки)","Севастополь","2021",""
"Загальний коефіцієнт прибуття (всі потоки)","Луганська","2002","154.9"
"Загальний коефіцієнт прибуття (всі потоки)","Луганська","2003","153.9"
"Загальний коефіцієнт прибуття (всі потоки)","Луганська","2004","156.7"
"Загальний коефіцієнт прибуття (всі потоки)","Луганська","2005","154.5"
"Загальний коефіцієнт прибуття (всі потоки)","Луганська","2006","156.3"
"Загальний коефіцієнт прибуття (всі потоки)","Луганська","2007","156.3"
"Загальний коефіцієнт прибуття (всі потоки)","Луганська","2008","152.3"
"Загальний коефіцієнт прибуття (всі потоки)","Луганська","2009","133"
"Загальний коефіцієнт прибуття (всі потоки)","Луганська","2010","141.4"
"Загальний коефіцієнт прибуття (всі потоки)","Луганська","2011","135.3"
"Загальний коефіцієнт прибуття (всі потоки)","Луганська","2012","142.1"
"Загальний коефіцієнт прибуття (всі потоки)","Луганська","2013","136.1"
"Загальний коефіцієнт прибуття (всі потоки)","Запорізька","2002","148.5"
"Загальний коефіцієнт прибуття (всі потоки)","Запорізька","2003","148.2"
"Загальний коефіцієнт прибуття (всі потоки)","Запорізька","2004","154.9"
"Загальний коефіцієнт прибуття (всі потоки)","Запорізька","2005","146.4"
"Загальний коефіцієнт прибуття (всі потоки)","Запорізька","2006","142.4"
"Загальний коефіцієнт прибуття (всі потоки)","Запорізька","2007","144"
"Загальний коефіцієнт прибуття (всі потоки)","Запорізька","2008","130.3"
"Загальний коефіцієнт прибуття (всі потоки)","Запорізька","2009","119.2"
"Загальний коефіцієнт прибуття (всі потоки)","Запорізька","2010","130.8"
"Загальний коефіцієнт прибуття (всі потоки)","Запорізька","2011","128.7"
"Загальний коефіцієнт прибуття (всі потоки)","Запорізька","2012","135.4"
"Загальний коефіцієнт прибуття (всі потоки)","Запорізька","2013","126"
"Загальний коефіцієнт прибуття (всі потоки)","Запорізька","2014","107.3"
"Загальний коефіцієнт прибуття (всі потоки)","Запорізька","2015","101.7"
"Загальний коефіцієнт прибуття (всі потоки)","Запорізька","2016","22.3"
"Загальний коефіцієнт прибуття (всі потоки)","Запорізька","2017","44.6"
"Загальний коефіцієнт прибуття (всі потоки)","Запорізька","2018","106.7"
"Загальний коефіцієнт прибуття (всі потоки)","Запорізька","2019","98.8"
"Загальний коефіцієнт прибуття (всі потоки)","Запорізька","2020","77.6"
"Загальний коефіцієнт прибуття (всі потоки)","Запорізька","2021","80.5"
"Загальний коефіцієнт прибуття (всі потоки)","Івано-Франківська","2002","126.1"
"Загальний коефіцієнт прибуття (всі потоки)","Івано-Франківська","2003","112.3"
"Загальний коефіцієнт прибуття (всі потоки)","Івано-Франківська","2004","119.3"
"Загальний коефіцієнт прибуття (всі потоки)","Івано-Франківська","2005","115.6"
"Загальний коефіцієнт прибуття (всі потоки)","Івано-Франківська","2006","114.8"
"Загальний коефіцієнт прибуття (всі потоки)","Івано-Франківська","2007","117"
"Загальний коефіцієнт прибуття (всі потоки)","Івано-Франківська","2008","111"
"Загальний коефіцієнт прибуття (всі потоки)","Івано-Франківська","2009","108.3"
"Загальний коефіцієнт прибуття (всі потоки)","Івано-Франківська","2010","124.4"
"Загальний коефіцієнт прибуття (всі потоки)","Івано-Франківська","2011","122.6"
"Загальний коефіцієнт прибуття (всі потоки)","Івано-Франківська","2012","127.7"
"Загальний коефіцієнт прибуття (всі потоки)","Івано-Франківська","2013","125.5"
"Загальний коефіцієнт прибуття (всі потоки)","Івано-Франківська","2014","108.9"
"Загальний коефіцієнт прибуття (всі потоки)","Івано-Франківська","2015","136.5"
"Загальний коефіцієнт прибуття (всі потоки)","Івано-Франківська","2016","66.5"
"Загальний коефіцієнт прибуття (всі потоки)","Івано-Франківська","2017","110.1"
"Загальний коефіцієнт прибуття (всі потоки)","Івано-Франківська","2018","149.3"
"Загальний коефіцієнт прибуття (всі потоки)","Івано-Франківська","2019","121"
"Загальний коефіцієнт прибуття (всі потоки)","Івано-Франківська","2020","92.2"
"Загальний коефіцієнт прибуття (всі потоки)","Івано-Франківська","2021","106.9"
"Загальний коефіцієнт прибуття (всі потоки)","Хмельницька","2002","166.9"
"Загальний коефіцієнт прибуття (всі потоки)","Хмельницька","2003","174.9"
"Загальний коефіцієнт прибуття (всі потоки)","Хмельницька","2004","178.4"
"Загальний коефіцієнт прибуття (всі потоки)","Хмельницька","2005","165.4"
"Загальний коефіцієнт прибуття (всі потоки)","Хмельницька","2006","172.3"
"Загальний коефіцієнт прибуття (всі потоки)","Хмельницька","2007","181.9"
"Загальний коефіцієнт прибуття (всі потоки)","Хмельницька","2008","180.6"
"Загальний коефіцієнт прибуття (всі потоки)","Хмельницька","2009","171.6"
"Загальний коефіцієнт прибуття (всі потоки)","Хмельницька","2010","173.4"
"Загальний коефіцієнт прибуття (всі потоки)","Хмельницька","2011","176.8"
"Загальний коефіцієнт прибуття (всі потоки)","Хмельницька","2012","181.4"
"Загальний коефіцієнт прибуття (всі потоки)","Хмельницька","2013","168.6"
"Загальний коефіцієнт прибуття (всі потоки)","Хмельницька","2014","157.6"
"Загальний коефіцієнт прибуття (всі потоки)","Хмельницька","2015","172.2"
"Загальний коефіцієнт прибуття (всі потоки)","Хмельницька","2016","44.3"
"Загальний коефіцієнт прибуття (всі потоки)","Хмельницька","2017","60.6"
"Загальний коефіцієнт прибуття (всі потоки)","Хмельницька","2018","212.7"
"Загальний коефіцієнт прибуття (всі потоки)","Хмельницька","2019","176.5"
"Загальний коефіцієнт прибуття (всі потоки)","Хмельницька","2020","129.8"
"Загальний коефіцієнт прибуття (всі потоки)","Хмельницька","2021","135.2"
"Загальний коефіцієнт прибуття (всі потоки)","Львівська","2002","125.6"
"Загальний коефіцієнт прибуття (всі потоки)","Львівська","2003","124"
"Загальний коефіцієнт прибуття (всі потоки)","Львівська","2004","127"
"Загальний коефіцієнт прибуття (всі потоки)","Львівська","2005","128.5"
"Загальний коефіцієнт прибуття (всі потоки)","Львівська","2006","129.3"
"Загальний коефіцієнт прибуття (всі потоки)","Львівська","2007","125.9"
"Загальний коефіцієнт прибуття (всі потоки)","Львівська","2008","121.7"
"Загальний коефіцієнт прибуття (всі потоки)","Львівська","2009","115.7"
"Загальний коефіцієнт прибуття (всі потоки)","Львівська","2010","125.1"
"Загальний коефіцієнт прибуття (всі потоки)","Львівська","2011","118.7"
"Загальний коефіцієнт прибуття (всі потоки)","Львівська","2012","129.1"
"Загальний коефіцієнт прибуття (всі потоки)","Львівська","2013","120.2"
"Загальний коефіцієнт прибуття (всі потоки)","Львівська","2014","110.8"
"Загальний коефіцієнт прибуття (всі потоки)","Львівська","2015","124.2"
"Загальний коефіцієнт прибуття (всі потоки)","Львівська","2016","122.5"
"Загальний коефіцієнт прибуття (всі потоки)","Львівська","2017","114.9"
"Загальний коефіцієнт прибуття (всі потоки)","Львівська","2018","153"
"Загальний коефіцієнт прибуття (всі потоки)","Львівська","2019","139.4"
"Загальний коефіцієнт прибуття (всі потоки)","Львівська","2020","103.4"
"Загальний коефіцієнт прибуття (всі потоки)","Львівська","2021","112.3"
"Загальний коефіцієнт прибуття (всі потоки)","Тернопільська","2002","144.3"
"Загальний коефіцієнт прибуття (всі потоки)","Тернопільська","2003","138.8"
"Загальний коефіцієнт прибуття (всі потоки)","Тернопільська","2004","127.2"
"Загальний коефіцієнт прибуття (всі потоки)","Тернопільська","2005","126.7"
"Загальний коефіцієнт прибуття (всі потоки)","Тернопільська","2006","122"
"Загальний коефіцієнт прибуття (всі потоки)","Тернопільська","2007","123.2"
"Загальний коефіцієнт прибуття (всі потоки)","Тернопільська","2008","123"
"Загальний коефіцієнт прибуття (всі потоки)","Тернопільська","2009","119.7"
"Загальний коефіцієнт прибуття (всі потоки)","Тернопільська","2010","130.9"
"Загальний коефіцієнт прибуття (всі потоки)","Тернопільська","2011","127.6"
"Загальний коефіцієнт прибуття (всі потоки)","Тернопільська","2012","134.6"
"Загальний коефіцієнт прибуття (всі потоки)","Тернопільська","2013","120.8"
"Загальний коефіцієнт прибуття (всі потоки)","Тернопільська","2014","122.8"
"Загальний коефіцієнт прибуття (всі потоки)","Тернопільська","2015","142.9"
"Загальний коефіцієнт прибуття (всі потоки)","Тернопільська","2016","31.9"
"Загальний коефіцієнт прибуття (всі потоки)","Тернопільська","2017","70.1"
"Загальний коефіцієнт прибуття (всі потоки)","Тернопільська","2018","220.7"
"Загальний коефіцієнт прибуття (всі потоки)","Тернопільська","2019","155.7"
"Загальний коефіцієнт прибуття (всі потоки)","Тернопільська","2020","104.9"
"Загальний коефіцієнт прибуття (всі потоки)","Тернопільська","2021","124.5"
"Загальний коефіцієнт прибуття (всі потоки)","Херсонська","2002","152.2"
"Загальний коефіцієнт прибуття (всі потоки)","Херсонська","2003","149.6"
"Загальний коефіцієнт прибуття (всі потоки)","Херсонська","2004","147.1"
"Загальний коефіцієнт прибуття (всі потоки)","Херсонська","2005","152.8"
"Загальний коефіцієнт прибуття (всі потоки)","Херсонська","2006","151.5"
"Загальний коефіцієнт прибуття (всі потоки)","Херсонська","2007","145.5"
"Загальний коефіцієнт прибуття (всі потоки)","Херсонська","2008","138.8"
"Загальний коефіцієнт прибуття (всі потоки)","Херсонська","2009","137"
"Загальний коефіцієнт прибуття (всі потоки)","Херсонська","2010","138.1"
"Загальний коефіцієнт прибуття (всі потоки)","Херсонська","2011","136.2"
"Загальний коефіцієнт прибуття (всі потоки)","Херсонська","2012","129.5"
"Загальний коефіцієнт прибуття (всі потоки)","Херсонська","2013","121"
"Загальний коефіцієнт прибуття (всі потоки)","Херсонська","2014","125.2"
"Загальний коефіцієнт прибуття (всі потоки)","Херсонська","2015","118.7"
"Загальний коефіцієнт прибуття (всі потоки)","Херсонська","2016","28.9"
"Загальний коефіцієнт прибуття (всі потоки)","Херсонська","2017","46.9"
"Загальний коефіцієнт прибуття (всі потоки)","Херсонська","2018","114.8"
"Загальний коефіцієнт прибуття (всі потоки)","Херсонська","2019","113.6"
"Загальний коефіцієнт прибуття (всі потоки)","Херсонська","2020","83.5"
"Загальний коефіцієнт прибуття (всі потоки)","Херсонська","2021","86.5"
"Загальний коефіцієнт прибуття (всі потоки)","Кіровоградська","2002","149.2"
"Загальний коефіцієнт прибуття (всі потоки)","Кіровоградська","2003","137.4"
"Загальний коефіцієнт прибуття (всі потоки)","Кіровоградська","2004","129.2"
"Загальний коефіцієнт прибуття (всі потоки)","Кіровоградська","2005","121.6"
"Загальний коефіцієнт прибуття (всі потоки)","Кіровоградська","2006","115.1"
"Загальний коефіцієнт прибуття (всі потоки)","Кіровоградська","2007","118"
"Загальний коефіцієнт прибуття (всі потоки)","Кіровоградська","2008","115.1"
"Загальний коефіцієнт прибуття (всі потоки)","Кіровоградська","2009","116.4"
"Загальний коефіцієнт прибуття (всі потоки)","Кіровоградська","2010","168.8"
"Загальний коефіцієнт прибуття (всі потоки)","Кіровоградська","2011","154.9"
"Загальний коефіцієнт прибуття (всі потоки)","Кіровоградська","2012","167"
"Загальний коефіцієнт прибуття (всі потоки)","Кіровоградська","2013","159.5"
"Загальний коефіцієнт прибуття (всі потоки)","Кіровоградська","2014","147"
"Загальний коефіцієнт прибуття (всі потоки)","Кіровоградська","2015","152.5"
"Загальний коефіцієнт прибуття (всі потоки)","Кіровоградська","2016","86.6"
"Загальний коефіцієнт прибуття (всі потоки)","Кіровоградська","2017","114"
"Загальний коефіцієнт прибуття (всі потоки)","Кіровоградська","2018","160.3"
"Загальний коефіцієнт прибуття (всі потоки)","Кіровоградська","2019","142.3"
"Загальний коефіцієнт прибуття (всі потоки)","Кіровоградська","2020","108.6"
"Загальний коефіцієнт прибуття (всі потоки)","Кіровоградська","2021","101.3"
"Загальний коефіцієнт прибуття (всі потоки)","Київська","2002","141.5"
"Загальний коефіцієнт прибуття (всі потоки)","Київська","2003","167.3"
"Загальний коефіцієнт прибуття (всі потоки)","Київська","2004","180.5"
"Загальний коефіцієнт прибуття (всі потоки)","Київська","2005","166.5"
"Загальний коефіцієнт прибуття (всі потоки)","Київська","2006","173.2"
"Загальний коефіцієнт прибуття (всі потоки)","Київська","2007","151.5"
"Загальний коефіцієнт прибуття (всі потоки)","Київська","2008","151.9"
"Загальний коефіцієнт прибуття (всі потоки)","Київська","2009","138.5"
"Загальний коефіцієнт прибуття (всі потоки)","Київська","2010","161.8"
"Загальний коефіцієнт прибуття (всі потоки)","Київська","2011","203.8"
"Загальний коефіцієнт прибуття (всі потоки)","Київська","2012","216.2"
"Загальний коефіцієнт прибуття (всі потоки)","Київська","2013","216.7"
"Загальний коефіцієнт прибуття (всі потоки)","Київська","2014","193.3"
"Загальний коефіцієнт прибуття (всі потоки)","Київська","2015","205.4"
"Загальний коефіцієнт прибуття (всі потоки)","Київська","2016","144.7"
"Загальний коефіцієнт прибуття (всі потоки)","Київська","2017","314.9"
"Загальний коефіцієнт прибуття (всі потоки)","Київська","2018","332.5"
"Загальний коефіцієнт прибуття (всі потоки)","Київська","2019","335.4"
"Загальний коефіцієнт прибуття (всі потоки)","Київська","2020","275.9"
"Загальний коефіцієнт прибуття (всі потоки)","Київська","2021","320"
"Загальний коефіцієнт прибуття (всі потоки)","Одеська","2002","138.2"
"Загальний коефіцієнт прибуття (всі потоки)","Одеська","2003","138.4"
"Загальний коефіцієнт прибуття (всі потоки)","Одеська","2004","157.5"
"Загальний коефіцієнт прибуття (всі потоки)","Одеська","2005","160.9"
"Загальний коефіцієнт прибуття (всі потоки)","Одеська","2006","177.9"
"Загальний коефіцієнт прибуття (всі потоки)","Одеська","2007","203"
"Загальний коефіцієнт прибуття (всі потоки)","Одеська","2008","180.6"
"Загальний коефіцієнт прибуття (всі потоки)","Одеська","2009","162.1"
"Загальний коефіцієнт прибуття (всі потоки)","Одеська","2010","158.8"
"Загальний коефіцієнт прибуття (всі потоки)","Одеська","2011","153.4"
"Загальний коефіцієнт прибуття (всі потоки)","Одеська","2012","178.8"
"Загальний коефіцієнт прибуття (всі потоки)","Одеська","2013","155"
"Загальний коефіцієнт прибуття (всі потоки)","Одеська","2014","132.3"
"Загальний коефіцієнт прибуття (всі потоки)","Одеська","2015","107.7"
"Загальний коефіцієнт прибуття (всі потоки)","Одеська","2016","74.9"
"Загальний коефіцієнт прибуття (всі потоки)","Одеська","2017","105.5"
"Загальний коефіцієнт прибуття (всі потоки)","Одеська","2018","160.7"
"Загальний коефіцієнт прибуття (всі потоки)","Одеська","2019","162"
"Загальний коефіцієнт прибуття (всі потоки)","Одеська","2020","119.7"
"Загальний коефіцієнт прибуття (всі потоки)","Одеська","2021","130.6"
"Загальний коефіцієнт прибуття (всі потоки)","Черкаська","2002","201.7"
"Загальний коефіцієнт прибуття (всі потоки)","Черкаська","2003","208.5"
"Загальний коефіцієнт прибуття (всі потоки)","Черкаська","2004","209.4"
"Загальний коефіцієнт прибуття (всі потоки)","Черкаська","2005","198.1"
"Загальний коефіцієнт прибуття (всі потоки)","Черкаська","2006","200.1"
"Загальний коефіцієнт прибуття (всі потоки)","Черкаська","2007","195"
"Загальний коефіцієнт прибуття (всі потоки)","Черкаська","2008","175.7"
"Загальний коефіцієнт прибуття (всі потоки)","Черкаська","2009","161.4"
"Загальний коефіцієнт прибуття (всі потоки)","Черкаська","2010","164.4"
"Загальний коефіцієнт прибуття (всі потоки)","Черкаська","2011","170.3"
"Загальний коефіцієнт прибуття (всі потоки)","Черкаська","2012","167.5"
"Загальний коефіцієнт прибуття (всі потоки)","Черкаська","2013","157.3"
"Загальний коефіцієнт прибуття (всі потоки)","Черкаська","2014","140.6"
"Загальний коефіцієнт прибуття (всі потоки)","Черкаська","2015","149.8"
"Загальний коефіцієнт прибуття (всі потоки)","Черкаська","2016","41"
"Загальний коефіцієнт прибуття (всі потоки)","Черкаська","2017","130.8"
"Загальний коефіцієнт прибуття (всі потоки)","Черкаська","2018","168.8"
"Загальний коефіцієнт прибуття (всі потоки)","Черкаська","2019","151.8"
"Загальний коефіцієнт прибуття (всі потоки)","Черкаська","2020","125.6"
"Загальний коефіцієнт прибуття (всі потоки)","Черкаська","2021","124.3"
"Загальний коефіцієнт прибуття (всі потоки)","Харківська","2002","196.3"
"Загальний коефіцієнт прибуття (всі потоки)","Харківська","2003","207.4"
"Загальний коефіцієнт прибуття (всі потоки)","Харківська","2004","214.9"
"Загальний коефіцієнт прибуття (всі потоки)","Харківська","2005","194.6"
"Загальний коефіцієнт прибуття (всі потоки)","Харківська","2006","190.6"
"Загальний коефіцієнт прибуття (всі потоки)","Харківська","2007","188.9"
"Загальний коефіцієнт прибуття (всі потоки)","Харківська","2008","180.9"
"Загальний коефіцієнт прибуття (всі потоки)","Харківська","2009","154.9"
"Загальний коефіцієнт прибуття (всі потоки)","Харківська","2010","159.6"
"Загальний коефіцієнт прибуття (всі потоки)","Харківська","2011","152"
"Загальний коефіцієнт прибуття (всі потоки)","Харківська","2012","205.2"
"Загальний коефіцієнт прибуття (всі потоки)","Харківська","2013","179.2"
"Загальний коефіцієнт прибуття (всі потоки)","Харківська","2014","161.4"
"Загальний коефіцієнт прибуття (всі потоки)","Харківська","2015","148.8"
"Загальний коефіцієнт прибуття (всі потоки)","Харківська","2016","66.1"
"Загальний коефіцієнт прибуття (всі потоки)","Харківська","2017","204.2"
"Загальний коефіцієнт прибуття (всі потоки)","Харківська","2018","193"
"Загальний коефіцієнт прибуття (всі потоки)","Харківська","2019","181.1"
"Загальний коефіцієнт прибуття (всі потоки)","Харківська","2020","146.3"
"Загальний коефіцієнт прибуття (всі потоки)","Харківська","2021","162.5"
"Загальний коефіцієнт прибуття (всі потоки)","Полтавська","2002","188.7"
"Загальний коефіцієнт прибуття (всі потоки)","Полтавська","2003","194.1"
"Загальний коефіцієнт прибуття (всі потоки)","Полтавська","2004","200.8"
"Загальний коефіцієнт прибуття (всі потоки)","Полтавська","2005","194.9"
"Загальний коефіцієнт прибуття (всі потоки)","Полтавська","2006","198.1"
"Загальний коефіцієнт прибуття (всі потоки)","Полтавська","2007","185.2"
"Загальний коефіцієнт прибуття (всі потоки)","Полтавська","2008","174.6"
"Загальний коефіцієнт прибуття (всі потоки)","Полтавська","2009","165.2"
"Загальний коефіцієнт прибуття (всі потоки)","Полтавська","2010","168.6"
"Загальний коефіцієнт прибуття (всі потоки)","Полтавська","2011","161"
"Загальний коефіцієнт прибуття (всі потоки)","Полтавська","2012","162.6"
"Загальний коефіцієнт прибуття (всі потоки)","Полтавська","2013","170.7"
"Загальний коефіцієнт прибуття (всі потоки)","Полтавська","2014","157.9"
"Загальний коефіцієнт прибуття (всі потоки)","Полтавська","2015","164.4"
"Загальний коефіцієнт прибуття (всі потоки)","Полтавська","2016","87.9"
"Загальний коефіцієнт прибуття (всі потоки)","Полтавська","2017","140.6"
"Загальний коефіцієнт прибуття (всі потоки)","Полтавська","2018","212.5"
"Загальний коефіцієнт прибуття (всі потоки)","Полтавська","2019","184.1"
"Загальний коефіцієнт прибуття (всі потоки)","Полтавська","2020","138"
"Загальний коефіцієнт прибуття (всі потоки)","Полтавська","2021","149"
"Загальний коефіцієнт прибуття (всі потоки)","Чернівецька","2002","134.8"
"Загальний коефіцієнт прибуття (всі потоки)","Чернівецька","2003","132.4"
"Загальний коефіцієнт прибуття (всі потоки)","Чернівецька","2004","131.5"
"Загальний коефіцієнт прибуття (всі потоки)","Чернівецька","2005","130.6"
"Загальний коефіцієнт прибуття (всі потоки)","Чернівецька","2006","131.4"
"Загальний коефіцієнт прибуття (всі потоки)","Чернівецька","2007","138.5"
"Загальний коефіцієнт прибуття (всі потоки)","Чернівецька","2008","130.4"
"Загальний коефіцієнт прибуття (всі потоки)","Чернівецька","2009","121.9"
"Загальний коефіцієнт прибуття (всі потоки)","Чернівецька","2010","119.5"
"Загальний коефіцієнт прибуття (всі потоки)","Чернівецька","2011","118.1"
"Загальний коефіцієнт прибуття (всі потоки)","Чернівецька","2012","128.4"
"Загальний коефіцієнт прибуття (всі потоки)","Чернівецька","2013","131.8"
"Загальний коефіцієнт прибуття (всі потоки)","Чернівецька","2014","120.4"
"Загальний коефіцієнт прибуття (всі потоки)","Чернівецька","2015","115.9"
"Загальний коефіцієнт прибуття (всі потоки)","Чернівецька","2016","30.5"
"Загальний коефіцієнт прибуття (всі потоки)","Чернівецька","2017","64.3"
"Загальний коефіцієнт прибуття (всі потоки)","Чернівецька","2018","111.4"
"Загальний коефіцієнт прибуття (всі потоки)","Чернівецька","2019","106.6"
"Загальний коефіцієнт прибуття (всі потоки)","Чернівецька","2020","69"
"Загальний коефіцієнт прибуття (всі потоки)","Чернівецька","2021","86.3"
"Загальний коефіцієнт прибуття (всі потоки)","Київ","2002","170"
"Загальний коефіцієнт прибуття (всі потоки)","Київ","2003","198"
"Загальний коефіцієнт прибуття (всі потоки)","Київ","2004","226.2"
"Загальний коефіцієнт прибуття (всі потоки)","Київ","2005","220.8"
"Загальний коефіцієнт прибуття (всі потоки)","Київ","2006","210.3"
"Загальний коефіцієнт прибуття (всі потоки)","Київ","2007","201.1"
"Загальний коефіцієнт прибуття (всі потоки)","Київ","2008","199.6"
"Загальний коефіцієнт прибуття (всі потоки)","Київ","2009","171.7"
"Загальний коефіцієнт прибуття (всі потоки)","Київ","2010","166.9"
"Загальний коефіцієнт прибуття (всі потоки)","Київ","2011","174.8"
"Загальний коефіцієнт прибуття (всі потоки)","Київ","2012","223.4"
"Загальний коефіцієнт прибуття (всі потоки)","Київ","2013","198.1"
"Загальний коефіцієнт прибуття (всі потоки)","Київ","2014","171.5"
"Загальний коефіцієнт прибуття (всі потоки)","Київ","2015","159.2"
"Загальний коефіцієнт прибуття (всі потоки)","Київ","2016","102.8"
"Загальний коефіцієнт прибуття (всі потоки)","Київ","2017","123.4"
"Загальний коефіцієнт прибуття (всі потоки)","Київ","2018","185.6"
"Загальний коефіцієнт прибуття (всі потоки)","Київ","2019","203.9"
"Загальний коефіцієнт прибуття (всі потоки)","Київ","2020","137.6"
"Загальний коефіцієнт прибуття (всі потоки)","Київ","2021","166.2"
"Загальний коефіцієнт прибуття (всі потоки)","Миколаївська","2002","167.5"
"Загальний коефіцієнт прибуття (всі потоки)","Миколаївська","2003","167.1"
"Загальний коефіцієнт прибуття (всі потоки)","Миколаївська","2004","169.3"
"Загальний коефіцієнт прибуття (всі потоки)","Миколаївська","2005","165"
"Загальний коефіцієнт прибуття (всі потоки)","Миколаївська","2006","166"
"Загальний коефіцієнт прибуття (всі потоки)","Миколаївська","2007","158.8"
"Загальний коефіцієнт прибуття (всі потоки)","Миколаївська","2008","145.8"
"Загальний коефіцієнт прибуття (всі потоки)","Миколаївська","2009","127.1"
"Загальний коефіцієнт прибуття (всі потоки)","Миколаївська","2010","129.4"
"Загальний коефіцієнт прибуття (всі потоки)","Миколаївська","2011","125.1"
"Загальний коефіцієнт прибуття (всі потоки)","Миколаївська","2012","130.2"
"Загальний коефіцієнт прибуття (всі потоки)","Миколаївська","2013","126.9"
"Загальний коефіцієнт прибуття (всі потоки)","Миколаївська","2014","124.7"
"Загальний коефіцієнт прибуття (всі потоки)","Миколаївська","2015","120.8"
"Загальний коефіцієнт прибуття (всі потоки)","Миколаївська","2016","52.6"
"Загальний коефіцієнт прибуття (всі потоки)","Миколаївська","2017","71.6"
"Загальний коефіцієнт прибуття (всі потоки)","Миколаївська","2018","114.9"
"Загальний коефіцієнт прибуття (всі потоки)","Миколаївська","2019","111.4"
"Загальний коефіцієнт прибуття (всі потоки)","Миколаївська","2020","85.1"
"Загальний коефіцієнт прибуття (всі потоки)","Миколаївська","2021","89.1"
"Загальний коефіцієнт прибуття (всі потоки)","Сумська","2002","157.6"
"Загальний коефіцієнт прибуття (всі потоки)","Сумська","2003","160.1"
"Загальний коефіцієнт прибуття (всі потоки)","Сумська","2004","160.3"
"Загальний коефіцієнт прибуття (всі потоки)","Сумська","2005","167.8"
"Загальний коефіцієнт прибуття (всі потоки)","Сумська","2006","181.5"
"Загальний коефіцієнт прибуття (всі потоки)","Сумська","2007","182.7"
"Загальний коефіцієнт прибуття (всі потоки)","Сумська","2008","177"
"Загальний коефіцієнт прибуття (всі потоки)","Сумська","2009","169.5"
"Загальний коефіцієнт прибуття (всі потоки)","Сумська","2010","183.2"
"Загальний коефіцієнт прибуття (всі потоки)","Сумська","2011","172.3"
"Загальний коефіцієнт прибуття (всі потоки)","Сумська","2012","177"
"Загальний коефіцієнт прибуття (всі потоки)","Сумська","2013","160.2"
"Загальний коефіцієнт прибуття (всі потоки)","Сумська","2014","152.2"
"Загальний коефіцієнт прибуття (всі потоки)","Сумська","2015","163.9"
"Загальний коефіцієнт прибуття (всі потоки)","Сумська","2016","136.2"
"Загальний коефіцієнт прибуття (всі потоки)","Сумська","2017","149.2"
"Загальний коефіцієнт прибуття (всі потоки)","Сумська","2018","193.7"
"Загальний коефіцієнт прибуття (всі потоки)","Сумська","2019","158"
"Загальний коефіцієнт прибуття (всі потоки)","Сумська","2020","121.4"
"Загальний коефіцієнт прибуття (всі потоки)","Сумська","2021","122.6"
