"Показник","Територіальний розріз","Періодичність","Період","Значення cпостереження"
"Кількість живонароджених","Київ","Місячна","2005-M01","1816"
"Кількість живонароджених","Київ","Місячна","2005-M02","3828"
"Кількість живонароджених","Київ","Місячна","2005-M03","6044"
"Кількість живонароджених","Київ","Місячна","2005-M04","8379"
"Кількість живонароджених","Київ","Місячна","2005-M05","10464"
"Кількість живонароджених","Київ","Місячна","2005-M06","12516"
"Кількість живонароджених","Київ","Місячна","2005-M07","14966"
"Кількість живонароджених","Київ","Місячна","2005-M08","17343"
"Кількість живонароджених","Київ","Місячна","2005-M09","19638"
"Кількість живонароджених","Київ","Місячна","2005-M10","21706"
"Кількість живонароджених","Київ","Місячна","2005-M11","23903"
"Кількість живонароджених","Київ","Місячна","2005-M12","26258"
"Кількість живонароджених","Київ","Місячна","2006-M01","1965"
"Кількість живонароджених","Київ","Місячна","2006-M02","4061"
"Кількість живонароджених","Київ","Місячна","2006-M03","6412"
"Кількість живонароджених","Київ","Місячна","2006-M04","8507"
"Кількість живонароджених","Київ","Місячна","2006-M05","10766"
"Кількість живонароджених","Київ","Місячна","2006-M06","13163"
"Кількість живонароджених","Київ","Місячна","2006-M07","15678"
"Кількість живонароджених","Київ","Місячна","2006-M08","18324"
"Кількість живонароджених","Київ","Місячна","2006-M09","20838"
"Кількість живонароджених","Київ","Місячна","2006-M10","23233"
"Кількість живонароджених","Київ","Місячна","2006-M11","25627"
"Кількість живонароджених","Київ","Місячна","2006-M12","28101"
"Кількість живонароджених","Київ","Місячна","2007-M01","2035"
"Кількість живонароджених","Київ","Місячна","2007-M02","4272"
"Кількість живонароджених","Київ","Місячна","2007-M03","6649"
"Кількість живонароджених","Київ","Місячна","2007-M04","8742"
"Кількість живонароджених","Київ","Місячна","2007-M05","11010"
"Кількість живонароджених","Київ","Місячна","2007-M06","13376"
"Кількість живонароджених","Київ","Місячна","2007-M07","16098"
"Кількість живонароджених","Київ","Місячна","2007-M08","18610"
"Кількість живонароджених","Київ","Місячна","2007-M09","21001"
"Кількість живонароджених","Київ","Місячна","2007-M10","23604"
"Кількість живонароджених","Київ","Місячна","2007-M11","26108"
"Кількість живонароджених","Київ","Місячна","2007-M12","28445"
"Кількість живонароджених","Київ","Місячна","2008-M01","2532"
"Кількість живонароджених","Київ","Місячна","2008-M02","5151"
"Кількість живонароджених","Київ","Місячна","2008-M03","7406"
"Кількість живонароджених","Київ","Місячна","2008-M04","9724"
"Кількість живонароджених","Київ","Місячна","2008-M05","12458"
"Кількість живонароджених","Київ","Місячна","2008-M06","14723"
"Кількість живонароджених","Київ","Місячна","2008-M07","17792"
"Кількість живонароджених","Київ","Місячна","2008-M08","20530"
"Кількість живонароджених","Київ","Місячна","2008-M09","23341"
"Кількість живонароджених","Київ","Місячна","2008-M10","26529"
"Кількість живонароджених","Київ","Місячна","2008-M11","29228"
"Кількість живонароджених","Київ","Місячна","2008-M12","31965"
"Кількість живонароджених","Київ","Місячна","2009-M01","2654"
"Кількість живонароджених","Київ","Місячна","2009-M02","5194"
"Кількість живонароджених","Київ","Місячна","2009-M03","7816"
"Кількість живонароджених","Київ","Місячна","2009-M04","10466"
"Кількість живонароджених","Київ","Місячна","2009-M05","13269"
"Кількість живонароджених","Київ","Місячна","2009-M06","15677"
"Кількість живонароджених","Київ","Місячна","2009-M07","18889"
"Кількість живонароджених","Київ","Місячна","2009-M08","21430"
"Кількість живонароджених","Київ","Місячна","2009-M09","24319"
"Кількість живонароджених","Київ","Місячна","2009-M10","27338"
"Кількість живонароджених","Київ","Місячна","2009-M11","29770"
"Кількість живонароджених","Київ","Місячна","2009-M12","32488"
"Кількість живонароджених","Київ","Місячна","2010-M01","2460"
"Кількість живонароджених","Київ","Місячна","2010-M02","4919"
"Кількість живонароджених","Київ","Місячна","2010-M03","7591"
"Кількість живонароджених","Київ","Місячна","2010-M04","10172"
"Кількість живонароджених","Київ","Місячна","2010-M05","12568"
"Кількість живонароджених","Київ","Місячна","2010-M06","15413"
"Кількість живонароджених","Київ","Місячна","2010-M07","18599"
"Кількість живонароджених","Київ","Місячна","2010-M08","21262"
"Кількість живонароджених","Київ","Місячна","2010-M09","24001"
"Кількість живонароджених","Київ","Місячна","2010-M10","26724"
"Кількість живонароджених","Київ","Місячна","2010-M11","29364"
"Кількість живонароджених","Київ","Місячна","2010-M12","32082"
"Кількість живонароджених","Київ","Місячна","2011-M01","2564"
"Кількість живонароджених","Київ","Місячна","2011-M02","5111"
"Кількість живонароджених","Київ","Місячна","2011-M03","7835"
"Кількість живонароджених","Київ","Місячна","2011-M04","10152"
"Кількість живонароджених","Київ","Місячна","2011-M05","12480"
"Кількість живонароджених","Київ","Місячна","2011-M06","14875"
"Кількість живонароджених","Київ","Місячна","2011-M07","17950"
"Кількість живонароджених","Київ","Місячна","2011-M08","20884"
"Кількість живонароджених","Київ","Місячна","2011-M09","23771"
"Кількість живонароджених","Київ","Місячна","2011-M10","26406"
"Кількість живонароджених","Київ","Місячна","2011-M11","29330"
"Кількість живонароджених","Київ","Місячна","2011-M12","32068"
"Кількість живонароджених","Київ","Місячна","2012-M01","2504"
"Кількість живонароджених","Київ","Місячна","2012-M02","5280"
"Кількість живонароджених","Київ","Місячна","2012-M03","8032"
"Кількість живонароджених","Київ","Місячна","2012-M04","10575"
"Кількість живонароджених","Київ","Місячна","2012-M05","13320"
"Кількість живонароджених","Київ","Місячна","2012-M06","16027"
"Кількість живонароджених","Київ","Місячна","2012-M07","19272"
"Кількість живонароджених","Київ","Місячна","2012-M08","22292"
"Кількість живонароджених","Київ","Місячна","2012-M09","25118"
"Кількість живонароджених","Київ","Місячна","2012-M10","28390"
"Кількість живонароджених","Київ","Місячна","2012-M11","31214"
"Кількість живонароджених","Київ","Місячна","2012-M12","33887"
"Кількість живонароджених","Київ","Місячна","2013-M01","2695"
"Кількість живонароджених","Київ","Місячна","2013-M02","5143"
"Кількість живонароджених","Київ","Місячна","2013-M03","7676"
"Кількість живонароджених","Київ","Місячна","2013-M04","10363"
"Кількість живонароджених","Київ","Місячна","2013-M05","12935"
"Кількість живонароджених","Київ","Місячна","2013-M06","15386"
"Кількість живонароджених","Київ","Місячна","2013-M07","18779"
"Кількість живонароджених","Київ","Місячна","2013-M08","21798"
"Кількість живонароджених","Київ","Місячна","2013-M09","24500"
"Кількість живонароджених","Київ","Місячна","2013-M10","27757"
"Кількість живонароджених","Київ","Місячна","2013-M11","30573"
"Кількість живонароджених","Київ","Місячна","2013-M12","33305"
"Кількість живонароджених","Київ","Місячна","2014-M01","2799"
"Кількість живонароджених","Київ","Місячна","2014-M02","5403"
"Кількість живонароджених","Київ","Місячна","2014-M03","8120"
"Кількість живонароджених","Київ","Місячна","2014-M04","10929"
"Кількість живонароджених","Київ","Місячна","2014-M05","13812"
"Кількість живонароджених","Київ","Місячна","2014-M06","16541"
"Кількість живонароджених","Київ","Місячна","2014-M07","19990"
"Кількість живонароджених","Київ","Місячна","2014-M08","22944"
"Кількість живонароджених","Київ","Місячна","2014-M09","25994"
"Кількість живонароджених","Київ","Місячна","2014-M10","29245"
"Кількість живонароджених","Київ","Місячна","2014-M11","31922"
"Кількість живонароджених","Київ","Місячна","2014-M12","34821"
"Кількість живонароджених","Київ","Місячна","2015-M01","2817"
"Кількість живонароджених","Київ","Місячна","2015-M02","5405"
"Кількість живонароджених","Київ","Місячна","2015-M03","8179"
"Кількість живонароджених","Київ","Місячна","2015-M04","11099"
"Кількість живонароджених","Київ","Місячна","2015-M05","13884"
"Кількість живонароджених","Київ","Місячна","2015-M06","16657"
"Кількість живонароджених","Київ","Місячна","2015-M07","20232"
"Кількість живонароджених","Київ","Місячна","2015-M08","23249"
"Кількість живонароджених","Київ","Місячна","2015-M09","26570"
"Кількість живонароджених","Київ","Місячна","2015-M10","29741"
"Кількість живонароджених","Київ","Місячна","2015-M11","32382"
"Кількість живонароджених","Київ","Місячна","2015-M12","35558"
"Кількість живонароджених","Київ","Місячна","2016-M01","2862"
"Кількість живонароджених","Київ","Місячна","2016-M02","5625"
"Кількість живонароджених","Київ","Місячна","2016-M03","8805"
"Кількість живонароджених","Київ","Місячна","2016-M04","11621"
"Кількість живонароджених","Київ","Місячна","2016-M05","14515"
"Кількість живонароджених","Київ","Місячна","2016-M06","17387"
"Кількість живонароджених","Київ","Місячна","2016-M07","20758"
"Кількість живонароджених","Київ","Місячна","2016-M08","24073"
"Кількість живонароджених","Київ","Місячна","2016-M09","27221"
"Кількість живонароджених","Київ","Місячна","2016-M10","30164"
"Кількість живонароджених","Київ","Місячна","2016-M11","33416"
"Кількість живонароджених","Київ","Місячна","2016-M12","36569"
"Кількість живонароджених","Київ","Місячна","2017-M01","2814"
"Кількість живонароджених","Київ","Місячна","2017-M02","5527"
"Кількість живонароджених","Київ","Місячна","2017-M03","8594"
"Кількість живонароджених","Київ","Місячна","2017-M04","11203"
"Кількість живонароджених","Київ","Місячна","2017-M05","14186"
"Кількість живонароджених","Київ","Місячна","2017-M06","17094"
"Кількість живонароджених","Київ","Місячна","2017-M07","20085"
"Кількість живонароджених","Київ","Місячна","2017-M08","23328"
"Кількість живонароджених","Київ","Місячна","2017-M09","26402"
"Кількість живонароджених","Київ","Місячна","2017-M10","29348"
"Кількість живонароджених","Київ","Місячна","2017-M11","32459"
"Кількість живонароджених","Київ","Місячна","2017-M12","35359"
"Кількість живонароджених","Київ","Місячна","2018-M01","2910"
"Кількість живонароджених","Київ","Місячна","2018-M02","5609"
"Кількість живонароджених","Київ","Місячна","2018-M03","8615"
"Кількість живонароджених","Київ","Місячна","2018-M04","11244"
"Кількість живонароджених","Київ","Місячна","2018-M05","14083"
"Кількість живонароджених","Київ","Місячна","2018-M06","16980"
"Кількість живонароджених","Київ","Місячна","2018-M07","20074"
"Кількість живонароджених","Київ","Місячна","2018-M08","23129"
"Кількість живонароджених","Київ","Місячна","2018-M09","26141"
"Кількість живонароджених","Київ","Місячна","2018-M10","29114"
"Кількість живонароджених","Київ","Місячна","2018-M11","32038"
"Кількість живонароджених","Київ","Місячна","2018-M12","34586"
"Кількість живонароджених","Київ","Місячна","2019-M01","2773"
"Кількість живонароджених","Київ","Місячна","2019-M02","5255"
"Кількість живонароджених","Київ","Місячна","2019-M03","8018"
"Кількість живонароджених","Київ","Місячна","2019-M04","10459"
"Кількість живонароджених","Київ","Місячна","2019-M05","13372"
"Кількість живонароджених","Київ","Місячна","2019-M06","15782"
"Кількість живонароджених","Київ","Місячна","2019-M07","18729"
"Кількість живонароджених","Київ","Місячна","2019-M08","21740"
"Кількість живонароджених","Київ","Місячна","2019-M09","24339"
"Кількість живонароджених","Київ","Місячна","2019-M10","27260"
"Кількість живонароджених","Київ","Місячна","2019-M11","29944"
"Кількість живонароджених","Київ","Місячна","2019-M12","32503"
"Кількість живонароджених","Київ","Місячна","2020-M01","2828"
"Кількість живонароджених","Київ","Місячна","2020-M02","5278"
"Кількість живонароджених","Київ","Місячна","2020-M03","7243"
"Кількість живонароджених","Київ","Місячна","2020-M04","9378"
"Кількість живонароджених","Київ","Місячна","2020-M05","11909"
"Кількість живонароджених","Київ","Місячна","2020-M06","14282"
"Кількість живонароджених","Київ","Місячна","2020-M07","17525"
"Кількість живонароджених","Київ","Місячна","2020-M08","20177"
"Кількість живонароджених","Київ","Місячна","2020-M09","23124"
"Кількість живонароджених","Київ","Місячна","2020-M10","25626"
"Кількість живонароджених","Київ","Місячна","2020-M11","27991"
"Кількість живонароджених","Київ","Місячна","2020-M12","30670"
"Кількість живонароджених","Київ","Місячна","2021-M01","2393"
"Кількість живонароджених","Київ","Місячна","2021-M02","4590"
"Кількість живонароджених","Київ","Місячна","2021-M03","7221"
"Кількість живонароджених","Київ","Місячна","2021-M04","9627"
"Кількість живонароджених","Київ","Місячна","2021-M05","11954"
"Кількість живонароджених","Київ","Місячна","2021-M06","14420"
"Кількість живонароджених","Київ","Місячна","2021-M07","17309"
"Кількість живонароджених","Київ","Місячна","2021-M08","19664"
"Кількість живонароджених","Київ","Місячна","2021-M09","22225"
"Кількість живонароджених","Київ","Місячна","2021-M10","24802"
"Кількість живонароджених","Київ","Місячна","2021-M11","27196"
"Кількість живонароджених","Київ","Місячна","2021-M12","29611"
"Кількість живонароджених","Київ","Місячна","2022-M01","1934"
"Кількість живонароджених","Київ","Місячна","2022-M02",""
"Кількість живонароджених","Київ","Місячна","2022-M03",""
"Кількість живонароджених","Київ","Місячна","2022-M04",""
"Кількість живонароджених","Київ","Місячна","2022-M05",""
"Кількість живонароджених","Київ","Місячна","2022-M06",""
"Кількість живонароджених","Київ","Місячна","2022-M07",""
"Кількість живонароджених","Київ","Місячна","2022-M08",""
"Кількість живонароджених","Київ","Місячна","2022-M09",""
"Кількість живонароджених","Київ","Місячна","2022-M10",""
"Кількість живонароджених","Київ","Місячна","2022-M11",""
"Кількість живонароджених","Київ","Місячна","2022-M12",""
"Коефіцієнт життєвості","Київ","Місячна","2005-M01","70"
"Коефіцієнт життєвості","Київ","Місячна","2005-M02","75"
"Коефіцієнт життєвості","Київ","Місячна","2005-M03","76"
"Коефіцієнт життєвості","Київ","Місячна","2005-M04","80"
"Коефіцієнт життєвості","Київ","Місячна","2005-M05","80"
"Коефіцієнт життєвості","Київ","Місячна","2005-M06","81"
"Коефіцієнт життєвості","Київ","Місячна","2005-M07","84"
"Коефіцієнт життєвості","Київ","Місячна","2005-M08","86"
"Коефіцієнт життєвості","Київ","Місячна","2005-M09","87"
"Коефіцієнт життєвості","Київ","Місячна","2005-M10","87"
"Коефіцієнт життєвості","Київ","Місячна","2005-M11","87"
"Коефіцієнт життєвості","Київ","Місячна","2005-M12","87"
"Коефіцієнт життєвості","Київ","Місячна","2006-M01","70"
"Коефіцієнт життєвості","Київ","Місячна","2006-M02","78"
"Коефіцієнт життєвості","Київ","Місячна","2006-M03","83"
"Коефіцієнт життєвості","Київ","Місячна","2006-M04","84"
"Коефіцієнт життєвості","Київ","Місячна","2006-M05","84"
"Коефіцієнт життєвості","Київ","Місячна","2006-M06","86"
"Коефіцієнт життєвості","Київ","Місячна","2006-M07","89"
"Коефіцієнт життєвості","Київ","Місячна","2006-M08","92"
"Коефіцієнт життєвості","Київ","Місячна","2006-M09","94"
"Коефіцієнт життєвості","Київ","Місячна","2006-M10","93"
"Коефіцієнт життєвості","Київ","Місячна","2006-M11","93"
"Коефіцієнт життєвості","Київ","Місячна","2006-M12","94"
"Коефіцієнт життєвості","Київ","Місячна","2007-M01","76"
"Коефіцієнт життєвості","Київ","Місячна","2007-M02","81"
"Коефіцієнт життєвості","Київ","Місячна","2007-M03","83"
"Коефіцієнт життєвості","Київ","Місячна","2007-M04","83"
"Коефіцієнт життєвості","Київ","Місячна","2007-M05","82"
"Коефіцієнт життєвості","Київ","Місячна","2007-M06","85"
"Коефіцієнт життєвості","Київ","Місячна","2007-M07","89"
"Коефіцієнт життєвості","Київ","Місячна","2007-M08","90"
"Коефіцієнт життєвості","Київ","Місячна","2007-M09","91"
"Коефіцієнт життєвості","Київ","Місячна","2007-M10","91"
"Коефіцієнт життєвості","Київ","Місячна","2007-M11","92"
"Коефіцієнт життєвості","Київ","Місячна","2007-M12","91"
"Коефіцієнт життєвості","Київ","Місячна","2008-M01","89"
"Коефіцієнт життєвості","Київ","Місячна","2008-M02","97"
"Коефіцієнт життєвості","Київ","Місячна","2008-M03","95"
"Коефіцієнт життєвості","Київ","Місячна","2008-M04","95"
"Коефіцієнт життєвості","Київ","Місячна","2008-M05","97"
"Коефіцієнт життєвості","Київ","Місячна","2008-M06","98"
"Коефіцієнт життєвості","Київ","Місячна","2008-M07","101"
"Коефіцієнт життєвості","Київ","Місячна","2008-M08","103"
"Коефіцієнт життєвості","Київ","Місячна","2008-M09","104"
"Коефіцієнт життєвості","Київ","Місячна","2008-M10","106"
"Коефіцієнт життєвості","Київ","Місячна","2008-M11","106"
"Коефіцієнт життєвості","Київ","Місячна","2008-M12","106"
"Коефіцієнт життєвості","Київ","Місячна","2009-M01","102"
"Коефіцієнт життєвості","Київ","Місячна","2009-M02","108"
"Коефіцієнт життєвості","Київ","Місячна","2009-M03","106"
"Коефіцієнт життєвості","Київ","Місячна","2009-M04","106"
"Коефіцієнт життєвості","Київ","Місячна","2009-M05","109"
"Коефіцієнт життєвості","Київ","Місячна","2009-M06","108"
"Коефіцієнт життєвості","Київ","Місячна","2009-M07","112"
"Коефіцієнт життєвості","Київ","Місячна","2009-M08","113"
"Коефіцієнт життєвості","Київ","Місячна","2009-M09","115"
"Коефіцієнт життєвості","Київ","Місячна","2009-M10","116"
"Коефіцієнт життєвості","Київ","Місячна","2009-M11","115"
"Коефіцієнт життєвості","Київ","Місячна","2009-M12","115"
"Коефіцієнт життєвості","Київ","Місячна","2010-M01","97"
"Коефіцієнт життєвості","Київ","Місячна","2010-M02","103"
"Коефіцієнт життєвості","Київ","Місячна","2010-M03","105"
"Коефіцієнт життєвості","Київ","Місячна","2010-M04","107"
"Коефіцієнт життєвості","Київ","Місячна","2010-M05","107"
"Коефіцієнт життєвості","Київ","Місячна","2010-M06","109"
"Коефіцієнт життєвості","Київ","Місячна","2010-M07","112"
"Коефіцієнт життєвості","Київ","Місячна","2010-M08","109"
"Коефіцієнт життєвості","Київ","Місячна","2010-M09","111"
"Коефіцієнт життєвості","Київ","Місячна","2010-M10","111"
"Коефіцієнт життєвості","Київ","Місячна","2010-M11","112"
"Коефіцієнт життєвості","Київ","Місячна","2010-M12","112"
"Коефіцієнт життєвості","Київ","Місячна","2011-M01","105"
"Коефіцієнт життєвості","Київ","Місячна","2011-M02","113"
"Коефіцієнт життєвості","Київ","Місячна","2011-M03","112"
"Коефіцієнт життєвості","Київ","Місячна","2011-M04","109"
"Коефіцієнт життєвості","Київ","Місячна","2011-M05","107"
"Коефіцієнт життєвості","Київ","Місячна","2011-M06","107"
"Коефіцієнт життєвості","Київ","Місячна","2011-M07","112"
"Коефіцієнт життєвості","Київ","Місячна","2011-M08","115"
"Коефіцієнт життєвості","Київ","Місячна","2011-M09","118"
"Коефіцієнт життєвості","Київ","Місячна","2011-M10","117"
"Коефіцієнт життєвості","Київ","Місячна","2011-M11","119"
"Коефіцієнт життєвості","Київ","Місячна","2011-M12","119"
"Коефіцієнт життєвості","Київ","Місячна","2012-M01","104"
"Коефіцієнт життєвості","Київ","Місячна","2012-M02","111"
"Коефіцієнт життєвості","Київ","Місячна","2012-M03","111"
"Коефіцієнт життєвості","Київ","Місячна","2012-M04","110"
"Коефіцієнт життєвості","Київ","Місячна","2012-M05","112"
"Коефіцієнт життєвості","Київ","Місячна","2012-M06","114"
"Коефіцієнт життєвості","Київ","Місячна","2012-M07","118"
"Коефіцієнт життєвості","Київ","Місячна","2012-M08","120"
"Коефіцієнт життєвості","Київ","Місячна","2012-M09","122"
"Коефіцієнт життєвості","Київ","Місячна","2012-M10","123"
"Коефіцієнт життєвості","Київ","Місячна","2012-M11","123"
"Коефіцієнт життєвості","Київ","Місячна","2012-M12","122"
"Коефіцієнт життєвості","Київ","Місячна","2013-M01","105"
"Коефіцієнт життєвості","Київ","Місячна","2013-M02","108"
"Коефіцієнт життєвості","Київ","Місячна","2013-M03","106"
"Коефіцієнт життєвості","Київ","Місячна","2013-M04","108"
"Коефіцієнт життєвості","Київ","Місячна","2013-M05","108"
"Коефіцієнт життєвості","Київ","Місячна","2013-M06","110"
"Коефіцієнт життєвості","Київ","Місячна","2013-M07","116"
"Коефіцієнт життєвості","Київ","Місячна","2013-M08","118"
"Коефіцієнт життєвості","Київ","Місячна","2013-M09","118"
"Коефіцієнт життєвості","Київ","Місячна","2013-M10","119"
"Коефіцієнт життєвості","Київ","Місячна","2013-M11","120"
"Коефіцієнт життєвості","Київ","Місячна","2013-M12","119"
"Коефіцієнт життєвості","Київ","Місячна","2014-M01","109"
"Коефіцієнт життєвості","Київ","Місячна","2014-M02","107"
"Коефіцієнт життєвості","Київ","Місячна","2014-M03","107"
"Коефіцієнт життєвості","Київ","Місячна","2014-M04","109"
"Коефіцієнт життєвості","Київ","Місячна","2014-M05","110"
"Коефіцієнт життєвості","Київ","Місячна","2014-M06","112"
"Коефіцієнт життєвості","Київ","Місячна","2014-M07","116"
"Коефіцієнт життєвості","Київ","Місячна","2014-M08","117"
"Коефіцієнт життєвості","Київ","Місячна","2014-M09","118"
"Коефіцієнт життєвості","Київ","Місячна","2014-M10","119"
"Коефіцієнт життєвості","Київ","Місячна","2014-M11","117"
"Коефіцієнт життєвості","Київ","Місячна","2014-M12","116"
"Коефіцієнт життєвості","Київ","Місячна","2015-M01","98"
"Коефіцієнт життєвості","Київ","Місячна","2015-M02","100"
"Коефіцієнт життєвості","Київ","Місячна","2015-M03","100"
"Коефіцієнт життєвості","Київ","Місячна","2015-M04","102"
"Коефіцієнт життєвості","Київ","Місячна","2015-M05","103"
"Коефіцієнт життєвості","Київ","Місячна","2015-M06","105"
"Коефіцієнт життєвості","Київ","Місячна","2015-M07","111"
"Коефіцієнт життєвості","Київ","Місячна","2015-M08","114"
"Коефіцієнт життєвості","Київ","Місячна","2015-M09","116"
"Коефіцієнт життєвості","Київ","Місячна","2015-M10","117"
"Коефіцієнт життєвості","Київ","Місячна","2015-M11","117"
"Коефіцієнт життєвості","Київ","Місячна","2015-M12","117"
"Коефіцієнт життєвості","Київ","Місячна","2016-M01","99"
"Коефіцієнт життєвості","Київ","Місячна","2016-M02","107"
"Коефіцієнт життєвості","Київ","Місячна","2016-M03","113"
"Коефіцієнт життєвості","Київ","Місячна","2016-M04","112"
"Коефіцієнт життєвості","Київ","Місячна","2016-M05","112"
"Коефіцієнт життєвості","Київ","Місячна","2016-M06","112"
"Коефіцієнт життєвості","Київ","Місячна","2016-M07","116"
"Коефіцієнт життєвості","Київ","Місячна","2016-M08","119"
"Коефіцієнт життєвості","Київ","Місячна","2016-M09","121"
"Коефіцієнт життєвості","Київ","Місячна","2016-M10","120"
"Коефіцієнт життєвості","Київ","Місячна","2016-M11","120"
"Коефіцієнт життєвості","Київ","Місячна","2016-M12","119"
"Коефіцієнт життєвості","Київ","Місячна","2017-M01","96"
"Коефіцієнт життєвості","Київ","Місячна","2017-M02","102"
"Коефіцієнт життєвості","Київ","Місячна","2017-M03","107"
"Коефіцієнт життєвості","Київ","Місячна","2017-M04","105"
"Коефіцієнт життєвості","Київ","Місячна","2017-M05","106"
"Коефіцієнт життєвості","Київ","Місячна","2017-M06","109"
"Коефіцієнт життєвості","Київ","Місячна","2017-M07","111"
"Коефіцієнт життєвості","Київ","Місячна","2017-M08","114"
"Коефіцієнт життєвості","Київ","Місячна","2017-M09","115"
"Коефіцієнт життєвості","Київ","Місячна","2017-M10","115"
"Коефіцієнт життєвості","Київ","Місячна","2017-M11","115"
"Коефіцієнт життєвості","Київ","Місячна","2017-M12","115"
"Коефіцієнт життєвості","Київ","Місячна","2018-M01","100"
"Коефіцієнт життєвості","Київ","Місячна","2018-M02","103"
"Коефіцієнт життєвості","Київ","Місячна","2018-M03","103"
"Коефіцієнт життєвості","Київ","Місячна","2018-M04","102"
"Коефіцієнт життєвості","Київ","Місячна","2018-M05","103"
"Коефіцієнт життєвості","Київ","Місячна","2018-M06","106"
"Коефіцієнт життєвості","Київ","Місячна","2018-M07","108"
"Коефіцієнт життєвості","Київ","Місячна","2018-M08","110"
"Коефіцієнт життєвості","Київ","Місячна","2018-M09","111"
"Коефіцієнт життєвості","Київ","Місячна","2018-M10","110"
"Коефіцієнт життєвості","Київ","Місячна","2018-M11","110"
"Коефіцієнт життєвості","Київ","Місячна","2018-M12","107"
"Коефіцієнт життєвості","Київ","Місячна","2019-M01","82"
"Коефіцієнт життєвості","Київ","Місячна","2019-M02","89"
"Коефіцієнт життєвості","Київ","Місячна","2019-M03","93"
"Коефіцієнт життєвості","Київ","Місячна","2019-M04","92"
"Коефіцієнт життєвості","Київ","Місячна","2019-M05","94"
"Коефіцієнт життєвості","Київ","Місячна","2019-M06","93"
"Коефіцієнт життєвості","Київ","Місячна","2019-M07","95"
"Коефіцієнт життєвості","Київ","Місячна","2019-M08","98"
"Коефіцієнт життєвості","Київ","Місячна","2019-M09","99"
"Коефіцієнт життєвості","Київ","Місячна","2019-M10","99"
"Коефіцієнт життєвості","Київ","Місячна","2019-M11","99"
"Коефіцієнт життєвості","Київ","Місячна","2019-M12","98"
"Коефіцієнт життєвості","Київ","Місячна","2020-M01","99"
"Коефіцієнт життєвості","Київ","Місячна","2020-M02","95"
"Коефіцієнт життєвості","Київ","Місячна","2020-M03","88"
"Коефіцієнт життєвості","Київ","Місячна","2020-M04","86"
"Коефіцієнт життєвості","Київ","Місячна","2020-M05","89"
"Коефіцієнт життєвості","Київ","Місячна","2020-M06","88"
"Коефіцієнт життєвості","Київ","Місячна","2020-M07","93"
"Коефіцієнт життєвості","Київ","Місячна","2020-M08","95"
"Коефіцієнт життєвості","Київ","Місячна","2020-M09","95"
"Коефіцієнт життєвості","Київ","Місячна","2020-M10","92"
"Коефіцієнт життєвості","Київ","Місячна","2020-M11","88"
"Коефіцієнт життєвості","Київ","Місячна","2020-M12","85"
"Коефіцієнт життєвості","Київ","Місячна","2021-M01","64"
"Коефіцієнт життєвості","Київ","Місячна","2021-M02","66"
"Коефіцієнт життєвості","Київ","Місячна","2021-M03","63"
"Коефіцієнт життєвості","Київ","Місячна","2021-M04","60"
"Коефіцієнт життєвості","Київ","Місячна","2021-M05","60"
"Коефіцієнт життєвості","Київ","Місячна","2021-M06","63"
"Коефіцієнт життєвості","Київ","Місячна","2021-M07","67"
"Коефіцієнт життєвості","Київ","Місячна","2021-M08","69"
"Коефіцієнт життєвості","Київ","Місячна","2021-M09","71"
"Коефіцієнт життєвості","Київ","Місячна","2021-M10","69"
"Коефіцієнт життєвості","Київ","Місячна","2021-M11","66"
"Коефіцієнт життєвості","Київ","Місячна","2021-M12","65"
