"Показник","Періодичність","Період","Значення cпостереження"
"Кількість померлих","Річна","1989","21479"
"Кількість померлих","Річна","1990","22754"
"Кількість померлих","Річна","1991","24153"
"Кількість померлих","Річна","1992","25134"
"Кількість померлих","Річна","1993","27407"
"Кількість померлих","Річна","1994","28539"
"Кількість померлих","Річна","1995","30378"
"Кількість померлих","Річна","1996","28322"
"Кількість померлих","Річна","1997","26278"
"Кількість померлих","Річна","1998","25714"
"Кількість померлих","Річна","1999","26042"
"Кількість померлих","Річна","2000","26603"
"Кількість померлих","Річна","2001","27168"
"Кількість померлих","Річна","2002","27641"
"Кількість померлих","Річна","2003","28134"
"Кількість померлих","Річна","2004","28487"
"Кількість померлих","Річна","2005","30075"
"Кількість померлих","Річна","2006","29920"
"Кількість померлих","Річна","2007","31111"
"Кількість померлих","Річна","2008","30067"
"Кількість померлих","Річна","2009","28292"
"Кількість померлих","Річна","2010","28625"
"Кількість померлих","Річна","2011","27050"
"Кількість померлих","Річна","2012","27840"
"Кількість померлих","Річна","2013","28003"
"Кількість померлих","Річна","2014","29992"
"Кількість померлих","Річна","2015","30425"
"Кількість померлих","Річна","2016","30666"
"Кількість померлих","Річна","2017","30808"
"Кількість померлих","Річна","2018","32231"
"Кількість померлих","Річна","2019","33137"
"Кількість померлих","Річна","2020","36091"
"Кількість померлих","Річна","2021","45223"
"Кількість померлих","Місячна","2005-M01","2576"
"Кількість померлих","Місячна","2005-M02","5116"
"Кількість померлих","Місячна","2005-M03","7956"
"Кількість померлих","Місячна","2005-M04","10466"
"Кількість померлих","Місячна","2005-M05","13104"
"Кількість померлих","Місячна","2005-M06","15359"
"Кількість померлих","Місячна","2005-M07","17718"
"Кількість померлих","Місячна","2005-M08","20213"
"Кількість померлих","Місячна","2005-M09","22482"
"Кількість померлих","Місячна","2005-M10","24993"
"Кількість померлих","Місячна","2005-M11","27444"
"Кількість померлих","Місячна","2005-M12","30075"
"Кількість померлих","Місячна","2006-M01","2810"
"Кількість померлих","Місячна","2006-M02","5222"
"Кількість померлих","Місячна","2006-M03","7751"
"Кількість померлих","Місячна","2006-M04","10105"
"Кількість померлих","Місячна","2006-M05","12741"
"Кількість померлих","Місячна","2006-M06","15241"
"Кількість померлих","Місячна","2006-M07","17610"
"Кількість померлих","Місячна","2006-M08","19906"
"Кількість померлих","Місячна","2006-M09","22232"
"Кількість померлих","Місячна","2006-M10","24864"
"Кількість померлих","Місячна","2006-M11","27432"
"Кількість померлих","Місячна","2006-M12","29920"
"Кількість померлих","Місячна","2007-M01","2693"
"Кількість померлих","Місячна","2007-M02","5248"
"Кількість померлих","Місячна","2007-M03","7963"
"Кількість померлих","Місячна","2007-M04","10515"
"Кількість померлих","Місячна","2007-M05","13432"
"Кількість померлих","Місячна","2007-M06","15737"
"Кількість померлих","Місячна","2007-M07","18157"
"Кількість померлих","Місячна","2007-M08","20565"
"Кількість померлих","Місячна","2007-M09","22979"
"Кількість померлих","Місячна","2007-M10","25799"
"Кількість померлих","Місячна","2007-M11","28412"
"Кількість померлих","Місячна","2007-M12","31111"
"Кількість померлих","Місячна","2008-M01","2835"
"Кількість померлих","Місячна","2008-M02","5285"
"Кількість померлих","Місячна","2008-M03","7800"
"Кількість померлих","Місячна","2008-M04","10256"
"Кількість померлих","Місячна","2008-M05","12795"
"Кількість померлих","Місячна","2008-M06","15072"
"Кількість померлих","Місячна","2008-M07","17637"
"Кількість померлих","Місячна","2008-M08","20019"
"Кількість померлих","Місячна","2008-M09","22433"
"Кількість померлих","Місячна","2008-M10","25029"
"Кількість померлих","Місячна","2008-M11","27467"
"Кількість померлих","Місячна","2008-M12","30067"
"Кількість померлих","Місячна","2009-M01","2591"
"Кількість померлих","Місячна","2009-M02","4796"
"Кількість померлих","Місячна","2009-M03","7386"
"Кількість померлих","Місячна","2009-M04","9834"
"Кількість померлих","Місячна","2009-M05","12182"
"Кількість померлих","Місячна","2009-M06","14520"
"Кількість померлих","Місячна","2009-M07","16797"
"Кількість померлих","Місячна","2009-M08","19002"
"Кількість померлих","Місячна","2009-M09","21115"
"Кількість померлих","Місячна","2009-M10","23546"
"Кількість померлих","Місячна","2009-M11","25869"
"Кількість померлих","Місячна","2009-M12","28292"
"Кількість померлих","Місячна","2010-M01","2537"
"Кількість померлих","Місячна","2010-M02","4765"
"Кількість померлих","Місячна","2010-M03","7200"
"Кількість померлих","Місячна","2010-M04","9490"
"Кількість померлих","Місячна","2010-M05","11758"
"Кількість померлих","Місячна","2010-M06","14107"
"Кількість померлих","Місячна","2010-M07","16580"
"Кількість померлих","Місячна","2010-M08","19492"
"Кількість померлих","Місячна","2010-M09","21681"
"Кількість померлих","Місячна","2010-M10","24063"
"Кількість померлих","Місячна","2010-M11","26249"
"Кількість померлих","Місячна","2010-M12","28625"
"Кількість померлих","Місячна","2011-M01","2435"
"Кількість померлих","Місячна","2011-M02","4532"
"Кількість померлих","Місячна","2011-M03","6988"
"Кількість померлих","Місячна","2011-M04","9282"
"Кількість померлих","Місячна","2011-M05","11659"
"Кількість померлих","Місячна","2011-M06","13909"
"Кількість померлих","Місячна","2011-M07","16078"
"Кількість померлих","Місячна","2011-M08","18110"
"Кількість померлих","Місячна","2011-M09","20173"
"Кількість померлих","Місячна","2011-M10","22505"
"Кількість померлих","Місячна","2011-M11","24725"
"Кількість померлих","Місячна","2011-M12","27050"
"Кількість померлих","Місячна","2012-M01","2406"
"Кількість померлих","Місячна","2012-M02","4752"
"Кількість померлих","Місячна","2012-M03","7256"
"Кількість померлих","Місячна","2012-M04","9590"
"Кількість померлих","Місячна","2012-M05","11933"
"Кількість померлих","Місячна","2012-M06","14049"
"Кількість померлих","Місячна","2012-M07","16394"
"Кількість померлих","Місячна","2012-M08","18627"
"Кількість померлих","Місячна","2012-M09","20663"
"Кількість померлих","Місячна","2012-M10","23084"
"Кількість померлих","Місячна","2012-M11","25367"
"Кількість померлих","Місячна","2012-M12","27840"
"Кількість померлих","Місячна","2013-M01","2568"
"Кількість померлих","Місячна","2013-M02","4781"
"Кількість померлих","Місячна","2013-M03","7231"
"Кількість померлих","Місячна","2013-M04","9572"
"Кількість померлих","Місячна","2013-M05","11951"
"Кількість померлих","Місячна","2013-M06","13992"
"Кількість померлих","Місячна","2013-M07","16243"
"Кількість померлих","Місячна","2013-M08","18408"
"Кількість померлих","Місячна","2013-M09","20710"
"Кількість померлих","Місячна","2013-M10","23304"
"Кількість померлих","Місячна","2013-M11","25531"
"Кількість померлих","Місячна","2013-M12","28003"
"Кількість померлих","Місячна","2014-M01","2566"
"Кількість померлих","Місячна","2014-M02","5046"
"Кількість померлих","Місячна","2014-M03","7591"
"Кількість померлих","Місячна","2014-M04","10017"
"Кількість померлих","Місячна","2014-M05","12563"
"Кількість померлих","Місячна","2014-M06","14726"
"Кількість померлих","Місячна","2014-M07","17256"
"Кількість померлих","Місячна","2014-M08","19643"
"Кількість померлих","Місячна","2014-M09","22017"
"Кількість померлих","Місячна","2014-M10","24664"
"Кількість померлих","Місячна","2014-M11","27242"
"Кількість померлих","Місячна","2014-M12","29992"
"Кількість померлих","Місячна","2015-M01","2875"
"Кількість померлих","Місячна","2015-M02","5402"
"Кількість померлих","Місячна","2015-M03","8202"
"Кількість померлих","Місячна","2015-M04","10883"
"Кількість померлих","Місячна","2015-M05","13423"
"Кількість померлих","Місячна","2015-M06","15819"
"Кількість померлих","Місячна","2015-M07","18227"
"Кількість померлих","Місячна","2015-M08","20475"
"Кількість померлих","Місячна","2015-M09","22818"
"Кількість померлих","Місячна","2015-M10","25378"
"Кількість померлих","Місячна","2015-M11","27767"
"Кількість померлих","Місячна","2015-M12","30425"
"Кількість померлих","Місячна","2016-M01","2901"
"Кількість померлих","Місячна","2016-M02","5245"
"Кількість померлих","Місячна","2016-M03","7802"
"Кількість померлих","Місячна","2016-M04","10369"
"Кількість померлих","Місячна","2016-M05","12960"
"Кількість померлих","Місячна","2016-M06","15466"
"Кількість померлих","Місячна","2016-M07","17868"
"Кількість померлих","Місячна","2016-M08","20230"
"Кількість померлих","Місячна","2016-M09","22588"
"Кількість померлих","Місячна","2016-M10","25214"
"Кількість померлих","Місячна","2016-M11","27772"
"Кількість померлих","Місячна","2016-M12","30666"
"Кількість померлих","Місячна","2017-M01","2919"
"Кількість померлих","Місячна","2017-M02","5402"
"Кількість померлих","Місячна","2017-M03","8063"
"Кількість померлих","Місячна","2017-M04","10623"
"Кількість померлих","Місячна","2017-M05","13382"
"Кількість померлих","Місячна","2017-M06","15670"
"Кількість померлих","Місячна","2017-M07","18023"
"Кількість померлих","Місячна","2017-M08","20449"
"Кількість померлих","Місячна","2017-M09","22887"
"Кількість померлих","Місячна","2017-M10","25585"
"Кількість померлих","Місячна","2017-M11","28164"
"Кількість померлих","Місячна","2017-M12","30808"
"Кількість померлих","Місячна","2018-M01","2905"
"Кількість померлих","Місячна","2018-M02","5465"
"Кількість померлих","Місячна","2018-M03","8391"
"Кількість померлих","Місячна","2018-M04","11025"
"Кількість померлих","Місячна","2018-M05","13667"
"Кількість померлих","Місячна","2018-M06","16049"
"Кількість померлих","Місячна","2018-M07","18560"
"Кількість померлих","Місячна","2018-M08","21095"
"Кількість померлих","Місячна","2018-M09","23546"
"Кількість померлих","Місячна","2018-M10","26495"
"Кількість померлих","Місячна","2018-M11","29248"
"Кількість померлих","Місячна","2018-M12","32231"
"Кількість померлих","Місячна","2019-M01","3373"
"Кількість померлих","Місячна","2019-M02","5915"
"Кількість померлих","Місячна","2019-M03","8652"
"Кількість померлих","Місячна","2019-M04","11374"
"Кількість померлих","Місячна","2019-M05","14208"
"Кількість померлих","Місячна","2019-M06","16939"
"Кількість померлих","Місячна","2019-M07","19690"
"Кількість померлих","Місячна","2019-M08","22207"
"Кількість померлих","Місячна","2019-M09","24699"
"Кількість померлих","Місячна","2019-M10","27557"
"Кількість померлих","Місячна","2019-M11","30288"
"Кількість померлих","Місячна","2019-M12","33137"
"Кількість померлих","Місячна","2020-M01","2864"
"Кількість померлих","Місячна","2020-M02","5549"
"Кількість померлих","Місячна","2020-M03","8217"
"Кількість померлих","Місячна","2020-M04","10846"
"Кількість померлих","Місячна","2020-M05","13398"
"Кількість померлих","Місячна","2020-M06","16295"
"Кількість померлих","Місячна","2020-M07","18836"
"Кількість померлих","Місячна","2020-M08","21331"
"Кількість померлих","Місячна","2020-M09","24243"
"Кількість померлих","Місячна","2020-M10","27771"
"Кількість померлих","Місячна","2020-M11","31800"
"Кількість померлих","Місячна","2020-M12","36091"
"Кількість померлих","Місячна","2021-M01","3719"
"Кількість померлих","Місячна","2021-M02","6941"
"Кількість померлих","Місячна","2021-M03","11396"
"Кількість померлих","Місячна","2021-M04","16148"
"Кількість померлих","Місячна","2021-M05","19833"
"Кількість померлих","Місячна","2021-M06","22817"
"Кількість померлих","Місячна","2021-M07","25751"
"Кількість померлих","Місячна","2021-M08","28439"
"Кількість померлих","Місячна","2021-M09","31480"
"Кількість померлих","Місячна","2021-M10","36022"
"Кількість померлих","Місячна","2021-M11","41284"
"Кількість померлих","Місячна","2021-M12","45223"
"Кількість померлих","Місячна","2022-M01","3355"
"Кількість померлих","Місячна","2022-M02",""
"Кількість померлих","Місячна","2022-M03",""
"Кількість померлих","Місячна","2022-M04",""
"Кількість померлих","Місячна","2022-M05",""
"Кількість померлих","Місячна","2022-M06",""
"Кількість померлих","Місячна","2022-M07",""
"Кількість померлих","Місячна","2022-M08",""
"Кількість померлих","Місячна","2022-M09",""
"Кількість померлих","Місячна","2022-M10",""
"Кількість померлих","Місячна","2022-M11",""
"Кількість померлих","Місячна","2022-M12",""
"Кількість померлих дітей у віці до 5 років","Річна","2003","236"
"Кількість померлих дітей у віці до 5 років","Річна","2004","203"
"Кількість померлих дітей у віці до 5 років","Річна","2005","227"
"Кількість померлих дітей у віці до 5 років","Річна","2006","258"
"Кількість померлих дітей у віці до 5 років","Річна","2007","312"
"Кількість померлих дітей у віці до 5 років","Річна","2008","314"
"Кількість померлих дітей у віці до 5 років","Річна","2009","269"
"Кількість померлих дітей у віці до 5 років","Річна","2010","269"
"Кількість померлих дітей у віці до 5 років","Річна","2011","290"
"Кількість померлих дітей у віці до 5 років","Річна","2012","306"
"Кількість померлих дітей у віці до 5 років","Річна","2013","299"
"Кількість померлих дітей у віці до 5 років","Річна","2014","273"
"Кількість померлих дітей у віці до 5 років","Річна","2015","288"
"Кількість померлих дітей у віці до 5 років","Річна","2016","246"
"Кількість померлих дітей у віці до 5 років","Річна","2017","241"
"Кількість померлих дітей у віці до 5 років","Річна","2018","219"
"Кількість померлих дітей у віці до 5 років","Річна","2019","215"
"Кількість померлих дітей у віці до 5 років","Річна","2020","174"
"Кількість померлих дітей у віці до 5 років","Річна","2021","202"
"Коефіцієнт смертності дітей у віці до 1 року","Річна","1989","13.3"
"Коефіцієнт смертності дітей у віці до 1 року","Річна","1990","12.7"
"Коефіцієнт смертності дітей у віці до 1 року","Річна","1991","14.1"
"Коефіцієнт смертності дітей у віці до 1 року","Річна","1992","17.2"
"Коефіцієнт смертності дітей у віці до 1 року","Річна","1993","17.5"
"Коефіцієнт смертності дітей у віці до 1 року","Річна","1994","15.9"
"Коефіцієнт смертності дітей у віці до 1 року","Річна","1995","14.6"
"Коефіцієнт смертності дітей у віці до 1 року","Річна","1996","14.7"
"Коефіцієнт смертності дітей у віці до 1 року","Річна","1997","19"
"Коефіцієнт смертності дітей у віці до 1 року","Річна","1998","13.3"
"Коефіцієнт смертності дітей у віці до 1 року","Річна","1999","12.6"
"Коефіцієнт смертності дітей у віці до 1 року","Річна","2000","10.2"
"Коефіцієнт смертності дітей у віці до 1 року","Річна","2001","8.2"
"Коефіцієнт смертності дітей у віці до 1 року","Річна","2002","9.4"
"Коефіцієнт смертності дітей у віці до 1 року","Річна","2003","9"
"Коефіцієнт смертності дітей у віці до 1 року","Річна","2004","6.6"
"Коефіцієнт смертності дітей у віці до 1 року","Річна","2005","7.5"
"Коефіцієнт смертності дітей у віці до 1 року","Річна","2006","8.1"
"Коефіцієнт смертності дітей у віці до 1 року","Річна","2007","9.7"
"Коефіцієнт смертності дітей у віці до 1 року","Річна","2008","8.9"
"Коефіцієнт смертності дітей у віці до 1 року","Річна","2009","7.5"
"Коефіцієнт смертності дітей у віці до 1 року","Річна","2010","7.3"
"Коефіцієнт смертності дітей у віці до 1 року","Річна","2011","8"
"Коефіцієнт смертності дітей у віці до 1 року","Річна","2012","7.8"
"Коефіцієнт смертності дітей у віці до 1 року","Річна","2013","8.2"
"Коефіцієнт смертності дітей у віці до 1 року","Річна","2014","7"
"Коефіцієнт смертності дітей у віці до 1 року","Річна","2015","7.5"
"Коефіцієнт смертності дітей у віці до 1 року","Річна","2016","5.5"
"Коефіцієнт смертності дітей у віці до 1 року","Річна","2017","5.7"
"Коефіцієнт смертності дітей у віці до 1 року","Річна","2018","5.3"
"Коефіцієнт смертності дітей у віці до 1 року","Річна","2019","5.6"
"Коефіцієнт смертності дітей у віці до 1 року","Річна","2020","4.7"
"Коефіцієнт смертності дітей у віці до 1 року","Річна","2021","5.8"
"Загальний коефіцієнт смертності","Річна","1989","8.2"
"Загальний коефіцієнт смертності","Річна","1990","8.6"
"Загальний коефіцієнт смертності","Річна","1991","9.1"
"Загальний коефіцієнт смертності","Річна","1992","9.5"
"Загальний коефіцієнт смертності","Річна","1993","10.3"
"Загальний коефіцієнт смертності","Річна","1994","10.8"
"Загальний коефіцієнт смертності","Річна","1995","11.5"
"Загальний коефіцієнт смертності","Річна","1996","10.8"
"Загальний коефіцієнт смертності","Річна","1997","10"
"Загальний коефіцієнт смертності","Річна","1998","9.8"
"Загальний коефіцієнт смертності","Річна","1999","9.9"
"Загальний коефіцієнт смертності","Річна","2000","10.2"
"Загальний коефіцієнт смертності","Річна","2001","10.4"
"Загальний коефіцієнт смертності","Річна","2002","10.6"
"Загальний коефіцієнт смертності","Річна","2003","10.7"
"Загальний коефіцієнт смертності","Річна","2004","10.7"
"Загальний коефіцієнт смертності","Річна","2005","11.2"
"Загальний коефіцієнт смертності","Річна","2006","11.1"
"Загальний коефіцієнт смертності","Річна","2007","11.4"
"Загальний коефіцієнт смертності","Річна","2008","10.9"
"Загальний коефіцієнт смертності","Річна","2009","10.2"
"Загальний коефіцієнт смертності","Річна","2010","10.3"
"Загальний коефіцієнт смертності","Річна","2011","9.6"
"Загальний коефіцієнт смертності","Річна","2012","9.8"
"Загальний коефіцієнт смертності","Річна","2013","9.8"
"Загальний коефіцієнт смертності","Річна","2014","10.4"
"Загальний коефіцієнт смертності","Річна","2015","10.5"
"Загальний коефіцієнт смертності","Річна","2016","10.5"
"Загальний коефіцієнт смертності","Річна","2017","10.5"
"Загальний коефіцієнт смертності","Річна","2018","11"
"Загальний коефіцієнт смертності","Річна","2019","11.2"
"Загальний коефіцієнт смертності","Річна","2020","12.2"
"Загальний коефіцієнт смертності","Річна","2021","15.3"
"Коефіцієнт смертності дітей у віці до 5 років","Річна","2003","10.6"
"Коефіцієнт смертності дітей у віці до 5 років","Річна","2004","8.3"
"Коефіцієнт смертності дітей у віці до 5 років","Річна","2005","8.8"
"Коефіцієнт смертності дітей у віці до 5 років","Річна","2006","9.5"
"Коефіцієнт смертності дітей у віці до 5 років","Річна","2007","11.1"
"Коефіцієнт смертності дітей у віці до 5 років","Річна","2008","10.1"
"Коефіцієнт смертності дітей у віці до 5 років","Річна","2009","8.4"
"Коефіцієнт смертності дітей у віці до 5 років","Річна","2010","8.4"
"Коефіцієнт смертності дітей у віці до 5 років","Річна","2011","9.1"
"Коефіцієнт смертності дітей у віці до 5 років","Річна","2012","9.2"
"Коефіцієнт смертності дітей у віці до 5 років","Річна","2013","9"
"Коефіцієнт смертності дітей у віці до 5 років","Річна","2014","7.9"
"Коефіцієнт смертності дітей у віці до 5 років","Річна","2015","8.2"
"Коефіцієнт смертності дітей у віці до 5 років","Річна","2016","6.8"
"Коефіцієнт смертності дітей у віці до 5 років","Річна","2017","6.8"
"Коефіцієнт смертності дітей у віці до 5 років","Річна","2018","6.3"
"Коефіцієнт смертності дітей у віці до 5 років","Річна","2019","6.5"
"Коефіцієнт смертності дітей у віці до 5 років","Річна","2020","5.5"
"Коефіцієнт смертності дітей у віці до 5 років","Річна","2021","6.7"
"Віковий коефіцієнт смертності","Річна","1989","832.2"
"Віковий коефіцієнт смертності","Річна","1990","875.2"
"Віковий коефіцієнт смертності","Річна","1991","925"
"Віковий коефіцієнт смертності","Річна","1992","961.5"
"Віковий коефіцієнт смертності","Річна","1993","1049.2"
"Віковий коефіцієнт смертності","Річна","1994","1096.1"
"Віковий коефіцієнт смертності","Річна","1995","1171.5"
"Віковий коефіцієнт смертності","Річна","1996","1096.5"
"Віковий коефіцієнт смертності","Річна","1997","1020.6"
"Віковий коефіцієнт смертності","Річна","1998","1000.9"
"Віковий коефіцієнт смертності","Річна","1999","1014.7"
"Віковий коефіцієнт смертності","Річна","2000","1036.2"
"Віковий коефіцієнт смертності","Річна","2001","1057.8"
"Віковий коефіцієнт смертності","Річна","2002","1074.8"
"Віковий коефіцієнт смертності","Річна","2003","1086.7"
"Віковий коефіцієнт смертності","Річна","2004","1090.9"
"Віковий коефіцієнт смертності","Річна","2005","1139.8"
"Віковий коефіцієнт смертності","Річна","2006","1123"
"Віковий коефіцієнт смертності","Річна","2007","1157.5"
"Віковий коефіцієнт смертності","Річна","2008","1108.8"
"Віковий коефіцієнт смертності","Річна","2009","1034.8"
"Віковий коефіцієнт смертності","Річна","2010","1040.6"
"Віковий коефіцієнт смертності","Річна","2011","978.2"
"Віковий коефіцієнт смертності","Річна","2012","998.4"
"Віковий коефіцієнт смертності","Річна","2013","994.6"
"Віковий коефіцієнт смертності","Річна","2014","1057.2"
"Віковий коефіцієнт смертності","Річна","2015","1065.3"
"Віковий коефіцієнт смертності","Річна","2016","1066.7"
"Віковий коефіцієнт смертності","Річна","2017","1066.5"
"Віковий коефіцієнт смертності","Річна","2018","1110.9"
"Віковий коефіцієнт смертності","Річна","2019","1135.7"
"Віковий коефіцієнт смертності","Річна","2020","1234.5"
"Віковий коефіцієнт смертності","Річна","2021","1550.9"
