Дата;Чисельність населення 
23.11.2015 0:00;2863074
24.11.2015 0:00;2863074
25.11.2015 0:00;2863074
26.11.2015 0:00;2863074
27.11.2015 0:00;2863074
28.11.2015 0:00;2863074
29.11.2015 0:00;2863074
30.11.2015 0:00;2863074
01.12.2015 0:00;2863074
02.12.2015 0:00;2865300
03.12.2015 0:00;2865300
04.12.2015 0:00;2865300
05.12.2015 0:00;2865300
06.12.2015 0:00;2865300
07.12.2015 0:00;2865300
08.12.2015 0:00;2865300
09.12.2015 0:00;2865300
10.12.2015 0:00;2865300
11.12.2015 0:00;2865300
12.12.2015 0:00;2865300
13.12.2015 0:00;2865300
14.12.2015 0:00;2865300
15.12.2015 0:00;2865300
16.12.2015 0:00;2865300
17.12.2015 0:00;2865300
18.12.2015 0:00;2865300
19.12.2015 0:00;2865300
20.12.2015 0:00;2865300
21.12.2015 0:00;2865300
22.12.2015 0:00;2865300
23.12.2015 0:00;2865300
24.12.2015 0:00;2865300
25.12.2015 0:00;2865300
26.12.2015 0:00;2865300
27.12.2015 0:00;2865300
28.12.2015 0:00;2865300
29.12.2015 0:00;2865300
30.12.2015 0:00;2865300
31.12.2015 0:00;2865300
01.01.2016 0:00;2865300
02.01.2016 0:00;2907810
03.01.2016 0:00;2907810
04.01.2016 0:00;2907810
05.01.2016 0:00;2907810
06.01.2016 0:00;2907810
07.01.2016 0:00;2907810
08.01.2016 0:00;2907810
09.01.2016 0:00;2907810
10.01.2016 0:00;2907810
11.01.2016 0:00;2907810
12.01.2016 0:00;2907810
13.01.2016 0:00;2907810
14.01.2016 0:00;2907810
15.01.2016 0:00;2907810
16.01.2016 0:00;2907810
17.01.2016 0:00;2907810
18.01.2016 0:00;2907810
19.01.2016 0:00;2907810
20.01.2016 0:00;2907810
21.01.2016 0:00;2907810
22.01.2016 0:00;2907810
23.01.2016 0:00;2907810
24.01.2016 0:00;2907810
25.01.2016 0:00;2907810
26.01.2016 0:00;2907810
27.01.2016 0:00;2907810
28.01.2016 0:00;2907810
29.01.2016 0:00;2907810
30.01.2016 0:00;2907810
31.01.2016 0:00;2907810
01.02.2016 0:00;2907810
02.02.2016 0:00;2908614
03.02.2016 0:00;2908614
04.02.2016 0:00;2908614
05.02.2016 0:00;2908614
06.02.2016 0:00;2908614
07.02.2016 0:00;2908614
08.02.2016 0:00;2908614
09.02.2016 0:00;2908614
10.02.2016 0:00;2908614
11.02.2016 0:00;2908614
12.02.2016 0:00;2908614
13.02.2016 0:00;2908614
14.02.2016 0:00;2908614
15.02.2016 0:00;2908614
16.02.2016 0:00;2908614
17.02.2016 0:00;2908614
18.02.2016 0:00;2908614
19.02.2016 0:00;2908614
20.02.2016 0:00;2908614
21.02.2016 0:00;2908614
22.02.2016 0:00;2908614
23.02.2016 0:00;2908614
24.02.2016 0:00;2908614
25.02.2016 0:00;2908614
26.02.2016 0:00;2908614
27.02.2016 0:00;2908614
28.02.2016 0:00;2908614
29.02.2016 0:00;2908614
01.03.2016 0:00;2908614
02.03.2016 0:00;2909455
03.03.2016 0:00;2909455
04.03.2016 0:00;2909455
05.03.2016 0:00;2909455
06.03.2016 0:00;2909455
07.03.2016 0:00;2909455
08.03.2016 0:00;2909455
09.03.2016 0:00;2909455
10.03.2016 0:00;2909455
11.03.2016 0:00;2909455
12.03.2016 0:00;2909455
13.03.2016 0:00;2909455
14.03.2016 0:00;2909455
15.03.2016 0:00;2909455
16.03.2016 0:00;2909455
17.03.2016 0:00;2909455
18.03.2016 0:00;2909455
19.03.2016 0:00;2909455
20.03.2016 0:00;2909455
21.03.2016 0:00;2909455
22.03.2016 0:00;2909455
23.03.2016 0:00;2909455
24.03.2016 0:00;2909455
25.03.2016 0:00;2909455
26.03.2016 0:00;2909455
27.03.2016 0:00;2909455
28.03.2016 0:00;2909455
29.03.2016 0:00;2909455
30.03.2016 0:00;2909455
31.03.2016 0:00;2909455
01.04.2016 0:00;2909455
02.04.2016 0:00;2909697
03.04.2016 0:00;2909697
04.04.2016 0:00;2909697
05.04.2016 0:00;2909697
06.04.2016 0:00;2909697
07.04.2016 0:00;2909697
08.04.2016 0:00;2909697
09.04.2016 0:00;2909697
10.04.2016 0:00;2909697
11.04.2016 0:00;2909697
12.04.2016 0:00;2909697
13.04.2016 0:00;2909697
14.04.2016 0:00;2909697
15.04.2016 0:00;2909697
16.04.2016 0:00;2909697
17.04.2016 0:00;2909697
18.04.2016 0:00;2909697
19.04.2016 0:00;2909697
20.04.2016 0:00;2909697
21.04.2016 0:00;2909697
22.04.2016 0:00;2909697
23.04.2016 0:00;2909697
24.04.2016 0:00;2909697
25.04.2016 0:00;2909697
26.04.2016 0:00;2909697
27.04.2016 0:00;2909697
28.04.2016 0:00;2909697
29.04.2016 0:00;2909697
30.04.2016 0:00;2909697
01.05.2016 0:00;2909697
02.05.2016 0:00;2909491
03.05.2016 0:00;2909491
04.05.2016 0:00;2909491
05.05.2016 0:00;2909491
06.05.2016 0:00;2909491
07.05.2016 0:00;2909491
08.05.2016 0:00;2909491
09.05.2016 0:00;2909491
10.05.2016 0:00;2909491
11.05.2016 0:00;2909491
12.05.2016 0:00;2909491
13.05.2016 0:00;2909491
14.05.2016 0:00;2909491
15.05.2016 0:00;2909491
16.05.2016 0:00;2909491
17.05.2016 0:00;2909491
18.05.2016 0:00;2909491
19.05.2016 0:00;2909491
20.05.2016 0:00;2909491
21.05.2016 0:00;2909491
22.05.2016 0:00;2909491
23.05.2016 0:00;2909491
24.05.2016 0:00;2909491
25.05.2016 0:00;2909491
26.05.2016 0:00;2909491
27.05.2016 0:00;2909491
28.05.2016 0:00;2909491
29.05.2016 0:00;2909491
30.05.2016 0:00;2909491
31.05.2016 0:00;2909491
01.06.2016 0:00;2909491
02.06.2016 0:00;2908703
03.06.2016 0:00;2908703
04.06.2016 0:00;2908703
05.06.2016 0:00;2908703
06.06.2016 0:00;2908703
07.06.2016 0:00;2908703
08.06.2016 0:00;2908703
09.06.2016 0:00;2908703
10.06.2016 0:00;2908703
11.06.2016 0:00;2908703
12.06.2016 0:00;2908703
13.06.2016 0:00;2908703
14.06.2016 0:00;2908703
15.06.2016 0:00;2908703
16.06.2016 0:00;2908703
17.06.2016 0:00;2908703
18.06.2016 0:00;2908703
19.06.2016 0:00;2908703
20.06.2016 0:00;2908703
21.06.2016 0:00;2908703
22.06.2016 0:00;2908703
23.06.2016 0:00;2908703
24.06.2016 0:00;2908703
25.06.2016 0:00;2908703
26.06.2016 0:00;2908703
27.06.2016 0:00;2908703
28.06.2016 0:00;2908703
29.06.2016 0:00;2908703
30.06.2016 0:00;2908703
01.07.2016 0:00;2908703
02.07.2016 0:00;2908249
03.07.2016 0:00;2908249
04.07.2016 0:00;2908249
05.07.2016 0:00;2908249
06.07.2016 0:00;2908249
07.07.2016 0:00;2908249
08.07.2016 0:00;2908249
09.07.2016 0:00;2908249
10.07.2016 0:00;2908249
11.07.2016 0:00;2908249
12.07.2016 0:00;2908249
13.07.2016 0:00;2908249
14.07.2016 0:00;2908249
15.07.2016 0:00;2908249
16.07.2016 0:00;2908249
17.07.2016 0:00;2908249
18.07.2016 0:00;2908249
19.07.2016 0:00;2908249
20.07.2016 0:00;2908249
21.07.2016 0:00;2908249
22.07.2016 0:00;2908249
23.07.2016 0:00;2908249
24.07.2016 0:00;2908249
25.07.2016 0:00;2908249
26.07.2016 0:00;2908249
27.07.2016 0:00;2908249
28.07.2016 0:00;2908249
29.07.2016 0:00;2908249
30.07.2016 0:00;2908249
31.07.2016 0:00;2908249
01.08.2016 0:00;2908249
02.08.2016 0:00;2908141
03.08.2016 0:00;2908141
04.08.2016 0:00;2908141
05.08.2016 0:00;2908141
06.08.2016 0:00;2908141
07.08.2016 0:00;2908141
08.08.2016 0:00;2908141
09.08.2016 0:00;2908141
10.08.2016 0:00;2908141
11.08.2016 0:00;2908141
12.08.2016 0:00;2908141
13.08.2016 0:00;2908141
14.08.2016 0:00;2908141
15.08.2016 0:00;2908141
16.08.2016 0:00;2908141
17.08.2016 0:00;2908141
18.08.2016 0:00;2908141
19.08.2016 0:00;2908141
20.08.2016 0:00;2908141
21.08.2016 0:00;2908141
22.08.2016 0:00;2908141
23.08.2016 0:00;2908141
24.08.2016 0:00;2908141
25.08.2016 0:00;2908141
26.08.2016 0:00;2908141
27.08.2016 0:00;2908141
28.08.2016 0:00;2908141
29.08.2016 0:00;2908141
30.08.2016 0:00;2908141
31.08.2016 0:00;2908141
01.09.2016 0:00;2908141
02.09.2016 0:00;2908088
03.09.2016 0:00;2908088
04.09.2016 0:00;2908088
05.09.2016 0:00;2908088
06.09.2016 0:00;2908088
07.09.2016 0:00;2908088
08.09.2016 0:00;2908088
09.09.2016 0:00;2908088
10.09.2016 0:00;2908088
11.09.2016 0:00;2908088
12.09.2016 0:00;2908088
13.09.2016 0:00;2908088
14.09.2016 0:00;2908088
15.09.2016 0:00;2908088
16.09.2016 0:00;2908088
17.09.2016 0:00;2908088
18.09.2016 0:00;2908088
19.09.2016 0:00;2908088
20.09.2016 0:00;2908088
21.09.2016 0:00;2908088
22.09.2016 0:00;2908088
23.09.2016 0:00;2908088
24.09.2016 0:00;2908088
25.09.2016 0:00;2908088
26.09.2016 0:00;2908088
27.09.2016 0:00;2908088
28.09.2016 0:00;2908088
29.09.2016 0:00;2908088
30.09.2016 0:00;2908088
01.10.2016 0:00;2908088
02.10.2016 0:00;2907193
03.10.2016 0:00;2907193
04.10.2016 0:00;2907193
05.10.2016 0:00;2907193
06.10.2016 0:00;2907193
07.10.2016 0:00;2907193
08.10.2016 0:00;2907193
09.10.2016 0:00;2907193
10.10.2016 0:00;2907193
11.10.2016 0:00;2907193
12.10.2016 0:00;2907193
13.10.2016 0:00;2907193
14.10.2016 0:00;2907193
15.10.2016 0:00;2907193
16.10.2016 0:00;2907193
17.10.2016 0:00;2907193
18.10.2016 0:00;2907193
19.10.2016 0:00;2907193
20.10.2016 0:00;2907193
21.10.2016 0:00;2907193
22.10.2016 0:00;2907193
23.10.2016 0:00;2907193
24.10.2016 0:00;2907193
25.10.2016 0:00;2907193
26.10.2016 0:00;2907193
27.10.2016 0:00;2907193
28.10.2016 0:00;2907193
29.10.2016 0:00;2907193
30.10.2016 0:00;2907193
31.10.2016 0:00;2907193
01.11.2016 0:00;2907193
02.11.2016 0:00;2907817
03.11.2016 0:00;2907817
04.11.2016 0:00;2907817
05.11.2016 0:00;2907817
06.11.2016 0:00;2907817
07.11.2016 0:00;2907817
08.11.2016 0:00;2907817
09.11.2016 0:00;2907817
10.11.2016 0:00;2907817
11.11.2016 0:00;2907817
12.11.2016 0:00;2907817
13.11.2016 0:00;2907817
14.11.2016 0:00;2907817
15.11.2016 0:00;2907817
16.11.2016 0:00;2907817
17.11.2016 0:00;2907817
18.11.2016 0:00;2907817
19.11.2016 0:00;2907817
20.11.2016 0:00;2907817
21.11.2016 0:00;2907817
22.11.2016 0:00;2907817
23.11.2016 0:00;2907817
24.11.2016 0:00;2907817
25.11.2016 0:00;2907817
26.11.2016 0:00;2907817
27.11.2016 0:00;2907817
28.11.2016 0:00;2907817
29.11.2016 0:00;2907817
30.11.2016 0:00;2907817
01.12.2016 0:00;2907817
02.12.2016 0:00;2925761
03.12.2016 0:00;2925761
04.12.2016 0:00;2925761
05.12.2016 0:00;2925761
06.12.2016 0:00;2925761
07.12.2016 0:00;2925761
08.12.2016 0:00;2925761
09.12.2016 0:00;2925761
10.12.2016 0:00;2925761
11.12.2016 0:00;2925761
12.12.2016 0:00;2925761
13.12.2016 0:00;2925761
14.12.2016 0:00;2925761
15.12.2016 0:00;2925761
16.12.2016 0:00;2925761
17.12.2016 0:00;2925761
18.12.2016 0:00;2925761
19.12.2016 0:00;2925761
20.12.2016 0:00;2925761
21.12.2016 0:00;2925761
22.12.2016 0:00;2925761
23.12.2016 0:00;2925761
24.12.2016 0:00;2925761
25.12.2016 0:00;2925761
26.12.2016 0:00;2925761
27.12.2016 0:00;2925761
28.12.2016 0:00;2925761
29.12.2016 0:00;2925761
30.12.2016 0:00;2925761
31.12.2016 0:00;2925761
01.01.2017 0:00;2925761
02.01.2017 0:00;2927227
03.01.2017 0:00;2927227
04.01.2017 0:00;2927227
05.01.2017 0:00;2927227
06.01.2017 0:00;2927227
07.01.2017 0:00;2927227
08.01.2017 0:00;2927227
09.01.2017 0:00;2927227
10.01.2017 0:00;2927227
11.01.2017 0:00;2927227
12.01.2017 0:00;2927227
13.01.2017 0:00;2927227
14.01.2017 0:00;2927227
15.01.2017 0:00;2927227
16.01.2017 0:00;2927227
17.01.2017 0:00;2927227
18.01.2017 0:00;2927227
19.01.2017 0:00;2927227
20.01.2017 0:00;2927227
21.01.2017 0:00;2927227
22.01.2017 0:00;2927227
23.01.2017 0:00;2927227
24.01.2017 0:00;2927227
25.01.2017 0:00;2927227
26.01.2017 0:00;2927227
27.01.2017 0:00;2927227
28.01.2017 0:00;2927227
29.01.2017 0:00;2927227
30.01.2017 0:00;2927227
31.01.2017 0:00;2927227
01.02.2017 0:00;2927227
02.02.2017 0:00;2928193
03.02.2017 0:00;2928193
04.02.2017 0:00;2928193
05.02.2017 0:00;2928193
06.02.2017 0:00;2928193
07.02.2017 0:00;2928193
08.02.2017 0:00;2928193
09.02.2017 0:00;2928193
10.02.2017 0:00;2928193
11.02.2017 0:00;2928193
12.02.2017 0:00;2928193
13.02.2017 0:00;2928193
14.02.2017 0:00;2928193
15.02.2017 0:00;2928193
16.02.2017 0:00;2928193
17.02.2017 0:00;2928193
18.02.2017 0:00;2928193
19.02.2017 0:00;2928193
20.02.2017 0:00;2928193
21.02.2017 0:00;2928193
22.02.2017 0:00;2928193
23.02.2017 0:00;2928193
24.02.2017 0:00;2928193
25.02.2017 0:00;2928193
26.02.2017 0:00;2928193
27.02.2017 0:00;2928193
28.02.2017 0:00;2928193
01.03.2017 0:00;2928193
02.03.2017 0:00;2929029
03.03.2017 0:00;2929029
04.03.2017 0:00;2929029
05.03.2017 0:00;2929029
06.03.2017 0:00;2929029
07.03.2017 0:00;2929029
08.03.2017 0:00;2929029
09.03.2017 0:00;2929029
10.03.2017 0:00;2929029
11.03.2017 0:00;2929029
12.03.2017 0:00;2929029
13.03.2017 0:00;2929029
14.03.2017 0:00;2929029
15.03.2017 0:00;2929029
16.03.2017 0:00;2929029
17.03.2017 0:00;2929029
18.03.2017 0:00;2929029
19.03.2017 0:00;2929029
20.03.2017 0:00;2929029
21.03.2017 0:00;2929029
22.03.2017 0:00;2929029
23.03.2017 0:00;2929029
24.03.2017 0:00;2929029
25.03.2017 0:00;2929029
26.03.2017 0:00;2929029
27.03.2017 0:00;2929029
28.03.2017 0:00;2929029
29.03.2017 0:00;2929029
30.03.2017 0:00;2929029
31.03.2017 0:00;2929029
01.04.2017 0:00;2929029
02.04.2017 0:00;2927667
03.04.2017 0:00;2927667
04.04.2017 0:00;2927667
05.04.2017 0:00;2927667
06.04.2017 0:00;2927667
07.04.2017 0:00;2927667
08.04.2017 0:00;2927667
09.04.2017 0:00;2927667
10.04.2017 0:00;2927667
11.04.2017 0:00;2927667
12.04.2017 0:00;2927667
13.04.2017 0:00;2927667
14.04.2017 0:00;2927667
15.04.2017 0:00;2927667
16.04.2017 0:00;2927667
17.04.2017 0:00;2927667
18.04.2017 0:00;2927667
19.04.2017 0:00;2927667
20.04.2017 0:00;2927667
21.04.2017 0:00;2927667
22.04.2017 0:00;2927667
23.04.2017 0:00;2927667
24.04.2017 0:00;2927667
25.04.2017 0:00;2927667
26.04.2017 0:00;2927667
27.04.2017 0:00;2927667
28.04.2017 0:00;2927667
29.04.2017 0:00;2927667
30.04.2017 0:00;2927667
01.05.2017 0:00;2927667
02.05.2017 0:00;2928177
03.05.2017 0:00;2928177
04.05.2017 0:00;2928177
05.05.2017 0:00;2928177
06.05.2017 0:00;2928177
07.05.2017 0:00;2928177
08.05.2017 0:00;2928177
09.05.2017 0:00;2928177
10.05.2017 0:00;2928177
11.05.2017 0:00;2928177
12.05.2017 0:00;2928177
13.05.2017 0:00;2928177
14.05.2017 0:00;2928177
15.05.2017 0:00;2928177
16.05.2017 0:00;2928177
17.05.2017 0:00;2928177
18.05.2017 0:00;2928177
19.05.2017 0:00;2928177
20.05.2017 0:00;2928177
21.05.2017 0:00;2928177
22.05.2017 0:00;2928177
23.05.2017 0:00;2928177
24.05.2017 0:00;2928177
25.05.2017 0:00;2928177
26.05.2017 0:00;2928177
27.05.2017 0:00;2928177
28.05.2017 0:00;2928177
29.05.2017 0:00;2928177
30.05.2017 0:00;2928177
31.05.2017 0:00;2928177
01.06.2017 0:00;2928177
02.06.2017 0:00;2927590
03.06.2017 0:00;2927590
04.06.2017 0:00;2927590
05.06.2017 0:00;2927590
06.06.2017 0:00;2927590
07.06.2017 0:00;2927590
08.06.2017 0:00;2927590
09.06.2017 0:00;2927590
10.06.2017 0:00;2927590
11.06.2017 0:00;2927590
12.06.2017 0:00;2927590
13.06.2017 0:00;2927590
14.06.2017 0:00;2927590
15.06.2017 0:00;2927590
16.06.2017 0:00;2927590
17.06.2017 0:00;2927590
18.06.2017 0:00;2927590
19.06.2017 0:00;2927590
20.06.2017 0:00;2927590
21.06.2017 0:00;2927590
22.06.2017 0:00;2927590
23.06.2017 0:00;2927590
24.06.2017 0:00;2927590
25.06.2017 0:00;2927590
26.06.2017 0:00;2927590
27.06.2017 0:00;2927590
28.06.2017 0:00;2927590
29.06.2017 0:00;2927590
30.06.2017 0:00;2927590
01.07.2017 0:00;2927590
02.07.2017 0:00;2926930
03.07.2017 0:00;2926930
04.07.2017 0:00;2926930
05.07.2017 0:00;2926930
06.07.2017 0:00;2926930
07.07.2017 0:00;2926930
08.07.2017 0:00;2926930
09.07.2017 0:00;2926930
10.07.2017 0:00;2926930
11.07.2017 0:00;2926930
12.07.2017 0:00;2926930
13.07.2017 0:00;2926930
14.07.2017 0:00;2926930
15.07.2017 0:00;2926930
16.07.2017 0:00;2926930
17.07.2017 0:00;2926930
18.07.2017 0:00;2926930
19.07.2017 0:00;2926930
20.07.2017 0:00;2926930
21.07.2017 0:00;2926930
22.07.2017 0:00;2926930
23.07.2017 0:00;2926930
24.07.2017 0:00;2926930
25.07.2017 0:00;2926930
26.07.2017 0:00;2926930
27.07.2017 0:00;2926930
28.07.2017 0:00;2926930
29.07.2017 0:00;2926930
30.07.2017 0:00;2926930
31.07.2017 0:00;2926930
01.08.2017 0:00;2926930
02.08.2017 0:00;2928087
03.08.2017 0:00;2928087
04.08.2017 0:00;2928087
05.08.2017 0:00;2928087
06.08.2017 0:00;2928087
07.08.2017 0:00;2928087
08.08.2017 0:00;2928087
09.08.2017 0:00;2928087
10.08.2017 0:00;2928087
11.08.2017 0:00;2928087
12.08.2017 0:00;2928087
13.08.2017 0:00;2928087
14.08.2017 0:00;2928087
15.08.2017 0:00;2928087
16.08.2017 0:00;2928087
17.08.2017 0:00;2928087
18.08.2017 0:00;2928087
19.08.2017 0:00;2928087
20.08.2017 0:00;2928087
21.08.2017 0:00;2928087
22.08.2017 0:00;2928087
23.08.2017 0:00;2928087
24.08.2017 0:00;2928087
25.08.2017 0:00;2928087
26.08.2017 0:00;2928087
27.08.2017 0:00;2928087
28.08.2017 0:00;2928087
29.08.2017 0:00;2928087
30.08.2017 0:00;2928087
31.08.2017 0:00;2928087
01.09.2017 0:00;2928087
02.09.2017 0:00;2931347
03.09.2017 0:00;2931347
04.09.2017 0:00;2931347
05.09.2017 0:00;2931347
06.09.2017 0:00;2931347
07.09.2017 0:00;2931347
08.09.2017 0:00;2931347
09.09.2017 0:00;2931347
10.09.2017 0:00;2931347
11.09.2017 0:00;2931347
12.09.2017 0:00;2931347
13.09.2017 0:00;2931347
14.09.2017 0:00;2931347
15.09.2017 0:00;2931347
16.09.2017 0:00;2931347
17.09.2017 0:00;2931347
18.09.2017 0:00;2931347
19.09.2017 0:00;2931347
20.09.2017 0:00;2931347
21.09.2017 0:00;2931347
22.09.2017 0:00;2931347
23.09.2017 0:00;2931347
24.09.2017 0:00;2931347
25.09.2017 0:00;2931347
26.09.2017 0:00;2931347
27.09.2017 0:00;2931347
28.09.2017 0:00;2931347
29.09.2017 0:00;2931347
30.09.2017 0:00;2931347
01.10.2017 0:00;2931347
02.10.2017 0:00;2932525
03.10.2017 0:00;2932525
04.10.2017 0:00;2932525
05.10.2017 0:00;2932525
06.10.2017 0:00;2932525
07.10.2017 0:00;2932525
08.10.2017 0:00;2932525
09.10.2017 0:00;2932525
10.10.2017 0:00;2932525
11.10.2017 0:00;2932525
12.10.2017 0:00;2932525
13.10.2017 0:00;2932525
14.10.2017 0:00;2932525
15.10.2017 0:00;2932525
16.10.2017 0:00;2932525
17.10.2017 0:00;2932525
18.10.2017 0:00;2932525
19.10.2017 0:00;2932525
20.10.2017 0:00;2932525
21.10.2017 0:00;2932525
22.10.2017 0:00;2932525
23.10.2017 0:00;2932525
24.10.2017 0:00;2932525
25.10.2017 0:00;2932525
26.10.2017 0:00;2932525
27.10.2017 0:00;2932525
28.10.2017 0:00;2932525
29.10.2017 0:00;2932525
30.10.2017 0:00;2932525
31.10.2017 0:00;2932525
01.11.2017 0:00;2932525
02.11.2017 0:00;2933537
03.11.2017 0:00;2933537
04.11.2017 0:00;2933537
05.11.2017 0:00;2933537
06.11.2017 0:00;2933537
07.11.2017 0:00;2933537
08.11.2017 0:00;2933537
09.11.2017 0:00;2933537
10.11.2017 0:00;2933537
11.11.2017 0:00;2933537
12.11.2017 0:00;2933537
13.11.2017 0:00;2933537
14.11.2017 0:00;2933537
15.11.2017 0:00;2933537
16.11.2017 0:00;2933537
17.11.2017 0:00;2933537
18.11.2017 0:00;2933537
19.11.2017 0:00;2933537
20.11.2017 0:00;2933537
21.11.2017 0:00;2933537
22.11.2017 0:00;2933537
23.11.2017 0:00;2933537
24.11.2017 0:00;2933537
25.11.2017 0:00;2933537
26.11.2017 0:00;2933537
27.11.2017 0:00;2933537
28.11.2017 0:00;2933537
29.11.2017 0:00;2933537
30.11.2017 0:00;2933537
01.12.2017 0:00;2933537
02.12.2017 0:00;2934522
03.12.2017 0:00;2934522
04.12.2017 0:00;2934522
05.12.2017 0:00;2934522
06.12.2017 0:00;2934522
07.12.2017 0:00;2934522
08.12.2017 0:00;2934522
09.12.2017 0:00;2934522
10.12.2017 0:00;2934522
11.12.2017 0:00;2934522
12.12.2017 0:00;2934522
13.12.2017 0:00;2934522
14.12.2017 0:00;2934522
15.12.2017 0:00;2934522
16.12.2017 0:00;2934522
17.12.2017 0:00;2934522
18.12.2017 0:00;2934522
19.12.2017 0:00;2934522
20.12.2017 0:00;2934522
21.12.2017 0:00;2934522
22.12.2017 0:00;2934522
23.12.2017 0:00;2934522
24.12.2017 0:00;2934522
25.12.2017 0:00;2934522
26.12.2017 0:00;2934522
27.12.2017 0:00;2934522
28.12.2017 0:00;2934522
29.12.2017 0:00;2934522
30.12.2017 0:00;2934522
31.12.2017 0:00;2934522
01.01.2018 0:00;2934522
02.01.2018 0:00;2934401
03.01.2018 0:00;2934401
04.01.2018 0:00;2934401
05.01.2018 0:00;2934401
06.01.2018 0:00;2934401
07.01.2018 0:00;2934401
08.01.2018 0:00;2934401
09.01.2018 0:00;2934401
10.01.2018 0:00;2934401
11.01.2018 0:00;2934401
12.01.2018 0:00;2934401
13.01.2018 0:00;2934401
14.01.2018 0:00;2934401
15.01.2018 0:00;2934401
16.01.2018 0:00;2934401
17.01.2018 0:00;2934401
18.01.2018 0:00;2934401
19.01.2018 0:00;2934401
20.01.2018 0:00;2934401
21.01.2018 0:00;2934401
22.01.2018 0:00;2934401
23.01.2018 0:00;2934401
24.01.2018 0:00;2934401
25.01.2018 0:00;2934401
26.01.2018 0:00;2934401
27.01.2018 0:00;2934401
28.01.2018 0:00;2934401
29.01.2018 0:00;2934401
30.01.2018 0:00;2934401
31.01.2018 0:00;2934401
01.02.2018 0:00;2934401
02.02.2018 0:00;2935239
03.02.2018 0:00;2935239
04.02.2018 0:00;2935239
05.02.2018 0:00;2935239
06.02.2018 0:00;2935239
07.02.2018 0:00;2935239
08.02.2018 0:00;2935239
09.02.2018 0:00;2935239
10.02.2018 0:00;2935239
11.02.2018 0:00;2935239
12.02.2018 0:00;2935239
13.02.2018 0:00;2935239
14.02.2018 0:00;2935239
15.02.2018 0:00;2935239
16.02.2018 0:00;2935239
17.02.2018 0:00;2935239
18.02.2018 0:00;2935239
19.02.2018 0:00;2935239
20.02.2018 0:00;2935239
21.02.2018 0:00;2935239
22.02.2018 0:00;2935239
23.02.2018 0:00;2935239
24.02.2018 0:00;2935239
25.02.2018 0:00;2935239
26.02.2018 0:00;2935239
27.02.2018 0:00;2935239
28.02.2018 0:00;2935239
01.03.2018 0:00;2935239
02.03.2018 0:00;2935996
03.03.2018 0:00;2935996
04.03.2018 0:00;2935996
05.03.2018 0:00;2935996
06.03.2018 0:00;2935996
07.03.2018 0:00;2935996
08.03.2018 0:00;2935996
09.03.2018 0:00;2935996
10.03.2018 0:00;2935996
11.03.2018 0:00;2935996
12.03.2018 0:00;2935996
13.03.2018 0:00;2935996
14.03.2018 0:00;2935996
15.03.2018 0:00;2935996
16.03.2018 0:00;2935996
17.03.2018 0:00;2935996
18.03.2018 0:00;2935996
19.03.2018 0:00;2935996
20.03.2018 0:00;2935996
21.03.2018 0:00;2935996
22.03.2018 0:00;2935996
23.03.2018 0:00;2935996
24.03.2018 0:00;2935996
25.03.2018 0:00;2935996
26.03.2018 0:00;2935996
27.03.2018 0:00;2935996
28.03.2018 0:00;2935996
29.03.2018 0:00;2935996
30.03.2018 0:00;2935996
31.03.2018 0:00;2935996
01.04.2018 0:00;2935996
02.04.2018 0:00;2936628
03.04.2018 0:00;2936628
04.04.2018 0:00;2936628
05.04.2018 0:00;2936628
06.04.2018 0:00;2936628
07.04.2018 0:00;2936628
08.04.2018 0:00;2936628
09.04.2018 0:00;2936628
10.04.2018 0:00;2936628
11.04.2018 0:00;2936628
12.04.2018 0:00;2936628
13.04.2018 0:00;2936628
14.04.2018 0:00;2936628
15.04.2018 0:00;2936628
16.04.2018 0:00;2936628
17.04.2018 0:00;2936628
18.04.2018 0:00;2936628
19.04.2018 0:00;2936628
20.04.2018 0:00;2936628
21.04.2018 0:00;2936628
22.04.2018 0:00;2936628
23.04.2018 0:00;2936628
24.04.2018 0:00;2936628
25.04.2018 0:00;2936628
26.04.2018 0:00;2936628
27.04.2018 0:00;2936628
28.04.2018 0:00;2936628
29.04.2018 0:00;2936628
30.04.2018 0:00;2936628
01.05.2018 0:00;2936628
02.05.2018 0:00;2937239
03.05.2018 0:00;2937239
04.05.2018 0:00;2937239
05.05.2018 0:00;2937239
06.05.2018 0:00;2937239
07.05.2018 0:00;2937239
08.05.2018 0:00;2937239
09.05.2018 0:00;2937239
10.05.2018 0:00;2937239
11.05.2018 0:00;2937239
12.05.2018 0:00;2937239
13.05.2018 0:00;2937239
14.05.2018 0:00;2937239
15.05.2018 0:00;2937239
16.05.2018 0:00;2937239
17.05.2018 0:00;2937239
18.05.2018 0:00;2937239
19.05.2018 0:00;2937239
20.05.2018 0:00;2937239
21.05.2018 0:00;2937239
22.05.2018 0:00;2937239
23.05.2018 0:00;2937239
24.05.2018 0:00;2937239
25.05.2018 0:00;2937239
26.05.2018 0:00;2937239
27.05.2018 0:00;2937239
28.05.2018 0:00;2937239
29.05.2018 0:00;2937239
30.05.2018 0:00;2937239
31.05.2018 0:00;2937239
01.06.2018 0:00;2937239
02.06.2018 0:00;2937931
03.06.2018 0:00;2937931
04.06.2018 0:00;2937931
05.06.2018 0:00;2937931
06.06.2018 0:00;2937931
07.06.2018 0:00;2937931
08.06.2018 0:00;2937931
09.06.2018 0:00;2937931
10.06.2018 0:00;2937931
11.06.2018 0:00;2937931
12.06.2018 0:00;2937931
13.06.2018 0:00;2937931
14.06.2018 0:00;2937931
15.06.2018 0:00;2937931
16.06.2018 0:00;2937931
17.06.2018 0:00;2937931
18.06.2018 0:00;2937931
19.06.2018 0:00;2937931
20.06.2018 0:00;2937931
21.06.2018 0:00;2937931
22.06.2018 0:00;2937931
23.06.2018 0:00;2937931
24.06.2018 0:00;2937931
25.06.2018 0:00;2937931
26.06.2018 0:00;2937931
27.06.2018 0:00;2937931
28.06.2018 0:00;2937931
29.06.2018 0:00;2937931
30.06.2018 0:00;2937931
01.07.2018 0:00;2937931
02.07.2018 0:00;2936837
03.07.2018 0:00;2936837
04.07.2018 0:00;2936837
05.07.2018 0:00;2936837
06.07.2018 0:00;2936837
07.07.2018 0:00;2936837
08.07.2018 0:00;2936837
09.07.2018 0:00;2936837
10.07.2018 0:00;2936837
11.07.2018 0:00;2936837
12.07.2018 0:00;2936837
13.07.2018 0:00;2936837
14.07.2018 0:00;2936837
15.07.2018 0:00;2936837
16.07.2018 0:00;2936837
17.07.2018 0:00;2936837
18.07.2018 0:00;2936837
19.07.2018 0:00;2936837
20.07.2018 0:00;2936837
21.07.2018 0:00;2936837
22.07.2018 0:00;2936837
23.07.2018 0:00;2936837
24.07.2018 0:00;2936837
25.07.2018 0:00;2936837
26.07.2018 0:00;2936837
27.07.2018 0:00;2936837
28.07.2018 0:00;2936837
29.07.2018 0:00;2936837
30.07.2018 0:00;2936837
31.07.2018 0:00;2936837
01.08.2018 0:00;2936837
02.08.2018 0:00;2937531
03.08.2018 0:00;2937531
04.08.2018 0:00;2937531
05.08.2018 0:00;2937531
06.08.2018 0:00;2937531
07.08.2018 0:00;2937531
08.08.2018 0:00;2937531
09.08.2018 0:00;2937531
10.08.2018 0:00;2937531
11.08.2018 0:00;2937531
12.08.2018 0:00;2937531
13.08.2018 0:00;2937531
14.08.2018 0:00;2937531
15.08.2018 0:00;2937531
16.08.2018 0:00;2937531
17.08.2018 0:00;2937531
18.08.2018 0:00;2937531
19.08.2018 0:00;2937531
20.08.2018 0:00;2937531
21.08.2018 0:00;2937531
22.08.2018 0:00;2937531
23.08.2018 0:00;2937531
24.08.2018 0:00;2937531
25.08.2018 0:00;2937531
26.08.2018 0:00;2937531
27.08.2018 0:00;2937531
28.08.2018 0:00;2937531
29.08.2018 0:00;2937531
30.08.2018 0:00;2937531
31.08.2018 0:00;2937531
01.09.2018 0:00;2937531
02.09.2018 0:00;2944408
03.09.2018 0:00;2944408
04.09.2018 0:00;2944408
05.09.2018 0:00;2944408
06.09.2018 0:00;2944408
07.09.2018 0:00;2944408
08.09.2018 0:00;2944408
09.09.2018 0:00;2944408
10.09.2018 0:00;2944408
11.09.2018 0:00;2944408
12.09.2018 0:00;2944408
13.09.2018 0:00;2944408
14.09.2018 0:00;2944408
15.09.2018 0:00;2944408
16.09.2018 0:00;2944408
17.09.2018 0:00;2944408
18.09.2018 0:00;2944408
19.09.2018 0:00;2944408
20.09.2018 0:00;2944408
21.09.2018 0:00;2944408
22.09.2018 0:00;2944408
23.09.2018 0:00;2944408
24.09.2018 0:00;2944408
25.09.2018 0:00;2944408
26.09.2018 0:00;2944408
27.09.2018 0:00;2944408
28.09.2018 0:00;2944408
29.09.2018 0:00;2944408
30.09.2018 0:00;2944408
01.10.2018 0:00;2944408
02.10.2018 0:00;2947402
03.10.2018 0:00;2947402
04.10.2018 0:00;2947402
05.10.2018 0:00;2947402
06.10.2018 0:00;2947402
07.10.2018 0:00;2947402
08.10.2018 0:00;2947402
09.10.2018 0:00;2947402
10.10.2018 0:00;2947402
11.10.2018 0:00;2947402
12.10.2018 0:00;2947402
13.10.2018 0:00;2947402
14.10.2018 0:00;2947402
15.10.2018 0:00;2947402
16.10.2018 0:00;2947402
17.10.2018 0:00;2947402
18.10.2018 0:00;2947402
19.10.2018 0:00;2947402
20.10.2018 0:00;2947402
21.10.2018 0:00;2947402
22.10.2018 0:00;2947402
23.10.2018 0:00;2947402
24.10.2018 0:00;2947402
25.10.2018 0:00;2947402
26.10.2018 0:00;2947402
27.10.2018 0:00;2947402
28.10.2018 0:00;2947402
29.10.2018 0:00;2947402
30.10.2018 0:00;2947402
31.10.2018 0:00;2947402
01.11.2018 0:00;2947402
02.11.2018 0:00;2949558
03.11.2018 0:00;2949558
04.11.2018 0:00;2949558
05.11.2018 0:00;2949558
06.11.2018 0:00;2949558
07.11.2018 0:00;2949558
08.11.2018 0:00;2949558
09.11.2018 0:00;2949558
10.11.2018 0:00;2949558
11.11.2018 0:00;2949558
12.11.2018 0:00;2949558
13.11.2018 0:00;2949558
14.11.2018 0:00;2949558
15.11.2018 0:00;2949558
16.11.2018 0:00;2949558
17.11.2018 0:00;2949558
18.11.2018 0:00;2949558
19.11.2018 0:00;2949558
20.11.2018 0:00;2949558
21.11.2018 0:00;2949558
22.11.2018 0:00;2949558
23.11.2018 0:00;2949558
24.11.2018 0:00;2949558
25.11.2018 0:00;2949558
26.11.2018 0:00;2949558
27.11.2018 0:00;2949558
28.11.2018 0:00;2949558
29.11.2018 0:00;2949558
30.11.2018 0:00;2949558
01.12.2018 0:00;2949558
02.12.2018 0:00;2950819
03.12.2018 0:00;2950819
04.12.2018 0:00;2950819
05.12.2018 0:00;2950819
06.12.2018 0:00;2950819
07.12.2018 0:00;2950819
08.12.2018 0:00;2950819
09.12.2018 0:00;2950819
10.12.2018 0:00;2950819
11.12.2018 0:00;2950819
12.12.2018 0:00;2950819
13.12.2018 0:00;2950819
14.12.2018 0:00;2950819
15.12.2018 0:00;2950819
16.12.2018 0:00;2950819
17.12.2018 0:00;2950819
18.12.2018 0:00;2950819
19.12.2018 0:00;2950819
20.12.2018 0:00;2950819
21.12.2018 0:00;2950819
22.12.2018 0:00;2950819
23.12.2018 0:00;2950819
24.12.2018 0:00;2950819
25.12.2018 0:00;2950819
26.12.2018 0:00;2950819
27.12.2018 0:00;2950819
28.12.2018 0:00;2950819
29.12.2018 0:00;2950819
30.12.2018 0:00;2950819
31.12.2018 0:00;2950819
01.01.2019 0:00;2950819
02.01.2019 0:00;2950533
03.01.2019 0:00;2950533
04.01.2019 0:00;2950533
05.01.2019 0:00;2950533
06.01.2019 0:00;2950533
07.01.2019 0:00;2950533
08.01.2019 0:00;2950533
09.01.2019 0:00;2950533
10.01.2019 0:00;2950533
11.01.2019 0:00;2950533
12.01.2019 0:00;2950533
13.01.2019 0:00;2950533
14.01.2019 0:00;2950533
15.01.2019 0:00;2950533
16.01.2019 0:00;2950533
17.01.2019 0:00;2950533
18.01.2019 0:00;2950533
19.01.2019 0:00;2950533
20.01.2019 0:00;2950533
21.01.2019 0:00;2950533
22.01.2019 0:00;2950533
23.01.2019 0:00;2950533
24.01.2019 0:00;2950533
25.01.2019 0:00;2950533
26.01.2019 0:00;2950533
27.01.2019 0:00;2950533
28.01.2019 0:00;2950533
29.01.2019 0:00;2950533
30.01.2019 0:00;2950533
31.01.2019 0:00;2950533
01.02.2019 0:00;2950533
02.02.2019 0:00;2950906
03.02.2019 0:00;2950906
04.02.2019 0:00;2950906
05.02.2019 0:00;2950906
06.02.2019 0:00;2950906
07.02.2019 0:00;2950906
08.02.2019 0:00;2950906
09.02.2019 0:00;2950906
10.02.2019 0:00;2950906
11.02.2019 0:00;2950906
12.02.2019 0:00;2950906
13.02.2019 0:00;2950906
14.02.2019 0:00;2950906
15.02.2019 0:00;2950906
16.02.2019 0:00;2950906
17.02.2019 0:00;2950906
18.02.2019 0:00;2950906
19.02.2019 0:00;2950906
20.02.2019 0:00;2950906
21.02.2019 0:00;2950906
22.02.2019 0:00;2950906
23.02.2019 0:00;2950906
24.02.2019 0:00;2950906
25.02.2019 0:00;2950906
26.02.2019 0:00;2950906
27.02.2019 0:00;2950906
28.02.2019 0:00;2950906
01.03.2019 0:00;2950906
02.03.2019 0:00;2951482
03.03.2019 0:00;2951482
04.03.2019 0:00;2951482
05.03.2019 0:00;2951482
06.03.2019 0:00;2951482
07.03.2019 0:00;2951482
08.03.2019 0:00;2951482
09.03.2019 0:00;2951482
10.03.2019 0:00;2951482
11.03.2019 0:00;2951482
12.03.2019 0:00;2951482
13.03.2019 0:00;2951482
14.03.2019 0:00;2951482
15.03.2019 0:00;2951482
16.03.2019 0:00;2951482
17.03.2019 0:00;2951482
18.03.2019 0:00;2951482
19.03.2019 0:00;2951482
20.03.2019 0:00;2951482
21.03.2019 0:00;2951482
22.03.2019 0:00;2951482
23.03.2019 0:00;2951482
24.03.2019 0:00;2951482
25.03.2019 0:00;2951482
26.03.2019 0:00;2951482
27.03.2019 0:00;2951482
28.03.2019 0:00;2951482
29.03.2019 0:00;2951482
30.03.2019 0:00;2951482
31.03.2019 0:00;2951482
01.04.2019 0:00;2951482
02.04.2019 0:00;2952294
03.04.2019 0:00;2952294
04.04.2019 0:00;2952294
05.04.2019 0:00;2952294
06.04.2019 0:00;2952294
07.04.2019 0:00;2952294
08.04.2019 0:00;2952294
09.04.2019 0:00;2952294
10.04.2019 0:00;2952294
11.04.2019 0:00;2952294
12.04.2019 0:00;2952294
13.04.2019 0:00;2952294
14.04.2019 0:00;2952294
15.04.2019 0:00;2952294
16.04.2019 0:00;2952294
17.04.2019 0:00;2952294
18.04.2019 0:00;2952294
19.04.2019 0:00;2952294
20.04.2019 0:00;2952294
21.04.2019 0:00;2952294
22.04.2019 0:00;2952294
23.04.2019 0:00;2952294
24.04.2019 0:00;2952294
25.04.2019 0:00;2952294
26.04.2019 0:00;2952294
27.04.2019 0:00;2952294
28.04.2019 0:00;2952294
29.04.2019 0:00;2952294
30.04.2019 0:00;2952294
01.05.2019 0:00;2952294
02.05.2019 0:00;2953179
03.05.2019 0:00;2953179
04.05.2019 0:00;2953179
05.05.2019 0:00;2953179
06.05.2019 0:00;2953179
07.05.2019 0:00;2953179
08.05.2019 0:00;2953179
09.05.2019 0:00;2953179
10.05.2019 0:00;2953179
11.05.2019 0:00;2953179
12.05.2019 0:00;2953179
13.05.2019 0:00;2953179
14.05.2019 0:00;2953179
15.05.2019 0:00;2953179
16.05.2019 0:00;2953179
17.05.2019 0:00;2953179
18.05.2019 0:00;2953179
19.05.2019 0:00;2953179
20.05.2019 0:00;2953179
21.05.2019 0:00;2953179
22.05.2019 0:00;2953179
23.05.2019 0:00;2953179
24.05.2019 0:00;2953179
25.05.2019 0:00;2953179
26.05.2019 0:00;2953179
27.05.2019 0:00;2953179
28.05.2019 0:00;2953179
29.05.2019 0:00;2953179
30.05.2019 0:00;2953179
31.05.2019 0:00;2953179
01.06.2019 0:00;2953179
02.06.2019 0:00;2952692
03.06.2019 0:00;2952692
04.06.2019 0:00;2952692
05.06.2019 0:00;2952692
06.06.2019 0:00;2952692
07.06.2019 0:00;2952692
08.06.2019 0:00;2952692
09.06.2019 0:00;2952692
10.06.2019 0:00;2952692
11.06.2019 0:00;2952692
12.06.2019 0:00;2952692
13.06.2019 0:00;2952692
14.06.2019 0:00;2952692
15.06.2019 0:00;2952692
16.06.2019 0:00;2952692
17.06.2019 0:00;2952692
18.06.2019 0:00;2952692
19.06.2019 0:00;2952692
20.06.2019 0:00;2952692
21.06.2019 0:00;2952692
22.06.2019 0:00;2952692
23.06.2019 0:00;2952692
24.06.2019 0:00;2952692
25.06.2019 0:00;2952692
26.06.2019 0:00;2952692
27.06.2019 0:00;2952692
28.06.2019 0:00;2952692
29.06.2019 0:00;2952692
30.06.2019 0:00;2952692
01.07.2019 0:00;2952692
02.07.2019 0:00;2951181
03.07.2019 0:00;2951181
04.07.2019 0:00;2951181
05.07.2019 0:00;2951181
06.07.2019 0:00;2951181
07.07.2019 0:00;2951181
08.07.2019 0:00;2951181
09.07.2019 0:00;2951181
10.07.2019 0:00;2951181
11.07.2019 0:00;2951181
12.07.2019 0:00;2951181
13.07.2019 0:00;2951181
14.07.2019 0:00;2951181
15.07.2019 0:00;2951181
16.07.2019 0:00;2951181
17.07.2019 0:00;2951181
18.07.2019 0:00;2951181
19.07.2019 0:00;2951181
20.07.2019 0:00;2951181
21.07.2019 0:00;2951181
22.07.2019 0:00;2951181
23.07.2019 0:00;2951181
24.07.2019 0:00;2951181
25.07.2019 0:00;2951181
26.07.2019 0:00;2951181
27.07.2019 0:00;2951181
28.07.2019 0:00;2951181
29.07.2019 0:00;2951181
30.07.2019 0:00;2951181
31.07.2019 0:00;2951181
01.08.2019 0:00;2951181
02.08.2019 0:00;2952376
03.08.2019 0:00;2952376
04.08.2019 0:00;2952376
05.08.2019 0:00;2952376
06.08.2019 0:00;2952376
07.08.2019 0:00;2952376
08.08.2019 0:00;2952376
09.08.2019 0:00;2952376
10.08.2019 0:00;2952376
11.08.2019 0:00;2952376
12.08.2019 0:00;2952376
13.08.2019 0:00;2952376
14.08.2019 0:00;2952376
15.08.2019 0:00;2952376
16.08.2019 0:00;2952376
17.08.2019 0:00;2952376
18.08.2019 0:00;2952376
19.08.2019 0:00;2952376
20.08.2019 0:00;2952376
21.08.2019 0:00;2952376
22.08.2019 0:00;2952376
23.08.2019 0:00;2952376
24.08.2019 0:00;2952376
25.08.2019 0:00;2952376
26.08.2019 0:00;2952376
27.08.2019 0:00;2952376
28.08.2019 0:00;2952376
29.08.2019 0:00;2952376
30.08.2019 0:00;2952376
31.08.2019 0:00;2952376
01.09.2019 0:00;2952376
02.09.2019 0:00;2960340
03.09.2019 0:00;2960340
04.09.2019 0:00;2960340
05.09.2019 0:00;2960340
06.09.2019 0:00;2960340
07.09.2019 0:00;2960340
08.09.2019 0:00;2960340
09.09.2019 0:00;2960340
10.09.2019 0:00;2960340
11.09.2019 0:00;2960340
12.09.2019 0:00;2960340
13.09.2019 0:00;2960340
14.09.2019 0:00;2960340
15.09.2019 0:00;2960340
16.09.2019 0:00;2960340
17.09.2019 0:00;2960340
18.09.2019 0:00;2960340
19.09.2019 0:00;2960340
20.09.2019 0:00;2960340
21.09.2019 0:00;2960340
22.09.2019 0:00;2960340
23.09.2019 0:00;2960340
24.09.2019 0:00;2960340
25.09.2019 0:00;2960340
26.09.2019 0:00;2960340
27.09.2019 0:00;2960340
28.09.2019 0:00;2960340
29.09.2019 0:00;2960340
30.09.2019 0:00;2960340
01.10.2019 0:00;2960340
02.10.2019 0:00;2964101
03.10.2019 0:00;2964101
04.10.2019 0:00;2964101
05.10.2019 0:00;2964101
06.10.2019 0:00;2964101
07.10.2019 0:00;2964101
08.10.2019 0:00;2964101
09.10.2019 0:00;2964101
10.10.2019 0:00;2964101
11.10.2019 0:00;2964101
12.10.2019 0:00;2964101
13.10.2019 0:00;2964101
14.10.2019 0:00;2964101
15.10.2019 0:00;2964101
16.10.2019 0:00;2964101
17.10.2019 0:00;2964101
18.10.2019 0:00;2964101
19.10.2019 0:00;2964101
20.10.2019 0:00;2964101
21.10.2019 0:00;2964101
22.10.2019 0:00;2964101
23.10.2019 0:00;2964101
24.10.2019 0:00;2964101
25.10.2019 0:00;2964101
26.10.2019 0:00;2964101
27.10.2019 0:00;2964101
28.10.2019 0:00;2964101
29.10.2019 0:00;2964101
30.10.2019 0:00;2964101
31.10.2019 0:00;2964101
01.11.2019 0:00;2964101
02.11.2019 0:00;2966278
03.11.2019 0:00;2966278
04.11.2019 0:00;2966278
05.11.2019 0:00;2966278
06.11.2019 0:00;2966278
07.11.2019 0:00;2966278
08.11.2019 0:00;2966278
09.11.2019 0:00;2966278
10.11.2019 0:00;2966278
11.11.2019 0:00;2966278
12.11.2019 0:00;2966278
13.11.2019 0:00;2966278
14.11.2019 0:00;2966278
15.11.2019 0:00;2966278
16.11.2019 0:00;2966278
17.11.2019 0:00;2966278
18.11.2019 0:00;2966278
19.11.2019 0:00;2966278
20.11.2019 0:00;2966278
21.11.2019 0:00;2966278
22.11.2019 0:00;2966278
23.11.2019 0:00;2966278
24.11.2019 0:00;2966278
25.11.2019 0:00;2966278
26.11.2019 0:00;2966278
27.11.2019 0:00;2966278
28.11.2019 0:00;2966278
29.11.2019 0:00;2966278
30.11.2019 0:00;2966278
01.12.2019 0:00;2966278
02.12.2019 0:00;2967360
03.12.2019 0:00;2967360
04.12.2019 0:00;2967360
05.12.2019 0:00;2967360
06.12.2019 0:00;2967360
07.12.2019 0:00;2967360
08.12.2019 0:00;2967360
09.12.2019 0:00;2967360
10.12.2019 0:00;2967360
11.12.2019 0:00;2967360
12.12.2019 0:00;2967360
13.12.2019 0:00;2967360
14.12.2019 0:00;2967360
15.12.2019 0:00;2967360
16.12.2019 0:00;2967360
17.12.2019 0:00;2967360
18.12.2019 0:00;2967360
19.12.2019 0:00;2967360
20.12.2019 0:00;2967360
21.12.2019 0:00;2967360
22.12.2019 0:00;2967360
23.12.2019 0:00;2967360
24.12.2019 0:00;2967360
25.12.2019 0:00;2967360
26.12.2019 0:00;2967360
27.12.2019 0:00;2967360
28.12.2019 0:00;2967360
29.12.2019 0:00;2967360
30.12.2019 0:00;2967360
31.12.2019 0:00;2967360
01.01.2020 0:00;2967360
02.01.2020 0:00;2967285
03.01.2020 0:00;2967285
04.01.2020 0:00;2967285
05.01.2020 0:00;2967285
06.01.2020 0:00;2967285
07.01.2020 0:00;2967285
08.01.2020 0:00;2967285
09.01.2020 0:00;2967285
10.01.2020 0:00;2967285
11.01.2020 0:00;2967285
12.01.2020 0:00;2967285
13.01.2020 0:00;2967285
14.01.2020 0:00;2967285
15.01.2020 0:00;2967285
16.01.2020 0:00;2967285
17.01.2020 0:00;2967285
18.01.2020 0:00;2967285
19.01.2020 0:00;2967285
20.01.2020 0:00;2967285
21.01.2020 0:00;2967285
22.01.2020 0:00;2967285
23.01.2020 0:00;2967285
24.01.2020 0:00;2967285
25.01.2020 0:00;2967285
26.01.2020 0:00;2967285
27.01.2020 0:00;2967285
28.01.2020 0:00;2967285
29.01.2020 0:00;2967285
30.01.2020 0:00;2967285
31.01.2020 0:00;2967285
01.02.2020 0:00;2967285
02.02.2020 0:00;2966996
03.02.2020 0:00;2966996
04.02.2020 0:00;2966996
05.02.2020 0:00;2966996
06.02.2020 0:00;2966996
07.02.2020 0:00;2966996
08.02.2020 0:00;2966996
09.02.2020 0:00;2966996
10.02.2020 0:00;2966996
11.02.2020 0:00;2966996
12.02.2020 0:00;2966996
13.02.2020 0:00;2966996
14.02.2020 0:00;2966996
15.02.2020 0:00;2966996
16.02.2020 0:00;2966996
17.02.2020 0:00;2966996
18.02.2020 0:00;2966996
19.02.2020 0:00;2966996
20.02.2020 0:00;2966996
21.02.2020 0:00;2966996
22.02.2020 0:00;2966996
23.02.2020 0:00;2966996
24.02.2020 0:00;2966996
25.02.2020 0:00;2966996
26.02.2020 0:00;2966996
27.02.2020 0:00;2966996
28.02.2020 0:00;2966996
29.02.2020 0:00;2966996
01.03.2020 0:00;2966996
02.03.2020 0:00;2966320
03.03.2020 0:00;2966320
04.03.2020 0:00;2966320
05.03.2020 0:00;2966320
06.03.2020 0:00;2966320
07.03.2020 0:00;2966320
08.03.2020 0:00;2966320
09.03.2020 0:00;2966320
10.03.2020 0:00;2966320
11.03.2020 0:00;2966320
12.03.2020 0:00;2966320
13.03.2020 0:00;2966320
14.03.2020 0:00;2966320
15.03.2020 0:00;2966320
16.03.2020 0:00;2966320
17.03.2020 0:00;2966320
18.03.2020 0:00;2966320
19.03.2020 0:00;2966320
20.03.2020 0:00;2966320
21.03.2020 0:00;2966320
22.03.2020 0:00;2966320
23.03.2020 0:00;2966320
24.03.2020 0:00;2966320
25.03.2020 0:00;2966320
26.03.2020 0:00;2966320
27.03.2020 0:00;2966320
28.03.2020 0:00;2966320
29.03.2020 0:00;2966320
30.03.2020 0:00;2966320
31.03.2020 0:00;2966320
01.04.2020 0:00;2966320
02.04.2020 0:00;2965466
03.04.2020 0:00;2965466
04.04.2020 0:00;2965466
05.04.2020 0:00;2965466
06.04.2020 0:00;2965466
07.04.2020 0:00;2965466
08.04.2020 0:00;2965466
09.04.2020 0:00;2965466
10.04.2020 0:00;2965466
11.04.2020 0:00;2965466
12.04.2020 0:00;2965466
13.04.2020 0:00;2965466
14.04.2020 0:00;2965466
15.04.2020 0:00;2965466
16.04.2020 0:00;2965466
17.04.2020 0:00;2965466
18.04.2020 0:00;2965466
19.04.2020 0:00;2965466
20.04.2020 0:00;2965466
21.04.2020 0:00;2965466
22.04.2020 0:00;2965466
23.04.2020 0:00;2965466
24.04.2020 0:00;2965466
25.04.2020 0:00;2965466
26.04.2020 0:00;2965466
27.04.2020 0:00;2965466
28.04.2020 0:00;2965466
29.04.2020 0:00;2965466
30.04.2020 0:00;2965466
01.05.2020 0:00;2965466
02.05.2020 0:00;2965013
03.05.2020 0:00;2965013
04.05.2020 0:00;2965013
05.05.2020 0:00;2965013
06.05.2020 0:00;2965013
07.05.2020 0:00;2965013
08.05.2020 0:00;2965013
09.05.2020 0:00;2965013
10.05.2020 0:00;2965013
11.05.2020 0:00;2965013
12.05.2020 0:00;2965013
13.05.2020 0:00;2965013
14.05.2020 0:00;2965013
15.05.2020 0:00;2965013
16.05.2020 0:00;2965013
17.05.2020 0:00;2965013
18.05.2020 0:00;2965013
19.05.2020 0:00;2965013
20.05.2020 0:00;2965013
21.05.2020 0:00;2965013
22.05.2020 0:00;2965013
23.05.2020 0:00;2965013
24.05.2020 0:00;2965013
25.05.2020 0:00;2965013
26.05.2020 0:00;2965013
27.05.2020 0:00;2965013
28.05.2020 0:00;2965013
29.05.2020 0:00;2965013
30.05.2020 0:00;2965013
31.05.2020 0:00;2965013
01.06.2020 0:00;2965013
02.06.2020 0:00;2963489
03.06.2020 0:00;2963489
04.06.2020 0:00;2963489
05.06.2020 0:00;2963489
06.06.2020 0:00;2963489
07.06.2020 0:00;2963489
08.06.2020 0:00;2963489
09.06.2020 0:00;2963489
10.06.2020 0:00;2963489
11.06.2020 0:00;2963489
12.06.2020 0:00;2963489
13.06.2020 0:00;2963489
14.06.2020 0:00;2963489
15.06.2020 0:00;2963489
16.06.2020 0:00;2963489
17.06.2020 0:00;2963489
18.06.2020 0:00;2963489
19.06.2020 0:00;2963489
20.06.2020 0:00;2963489
21.06.2020 0:00;2963489
22.06.2020 0:00;2963489
23.06.2020 0:00;2963489
24.06.2020 0:00;2963489
25.06.2020 0:00;2963489
26.06.2020 0:00;2963489
27.06.2020 0:00;2963489
28.06.2020 0:00;2963489
29.06.2020 0:00;2963489
30.06.2020 0:00;2963489
01.07.2020 0:00;2963489
02.07.2020 0:00;2962536
03.07.2020 0:00;2962536
04.07.2020 0:00;2962536
05.07.2020 0:00;2962536
06.07.2020 0:00;2962536
07.07.2020 0:00;2962536
08.07.2020 0:00;2962536
09.07.2020 0:00;2962536
10.07.2020 0:00;2962536
11.07.2020 0:00;2962536
12.07.2020 0:00;2962536
13.07.2020 0:00;2962536
14.07.2020 0:00;2962536
15.07.2020 0:00;2962536
16.07.2020 0:00;2962536
17.07.2020 0:00;2962536
18.07.2020 0:00;2962536
19.07.2020 0:00;2962536
20.07.2020 0:00;2962536
21.07.2020 0:00;2962536
22.07.2020 0:00;2962536
23.07.2020 0:00;2962536
24.07.2020 0:00;2962536
25.07.2020 0:00;2962536
26.07.2020 0:00;2962536
27.07.2020 0:00;2962536
28.07.2020 0:00;2962536
29.07.2020 0:00;2962536
30.07.2020 0:00;2962536
31.07.2020 0:00;2962536
01.08.2020 0:00;2962536
02.08.2020 0:00;2961454
03.08.2020 0:00;2961454
04.08.2020 0:00;2961454
05.08.2020 0:00;2961454
06.08.2020 0:00;2961454
07.08.2020 0:00;2961454
08.08.2020 0:00;2961454
09.08.2020 0:00;2961454
10.08.2020 0:00;2961454
11.08.2020 0:00;2961454
12.08.2020 0:00;2961454
13.08.2020 0:00;2961454
14.08.2020 0:00;2961454
15.08.2020 0:00;2961454
16.08.2020 0:00;2961454
17.08.2020 0:00;2961454
18.08.2020 0:00;2961454
19.08.2020 0:00;2961454
20.08.2020 0:00;2961454
21.08.2020 0:00;2961454
22.08.2020 0:00;2961454
23.08.2020 0:00;2961454
24.08.2020 0:00;2961454
25.08.2020 0:00;2961454
26.08.2020 0:00;2961454
27.08.2020 0:00;2961454
28.08.2020 0:00;2961454
29.08.2020 0:00;2961454
30.08.2020 0:00;2961454
31.08.2020 0:00;2961454
01.09.2020 0:00;2961454
02.09.2020 0:00;2962881
03.09.2020 0:00;2962881
04.09.2020 0:00;2962881
05.09.2020 0:00;2962881
06.09.2020 0:00;2962881
07.09.2020 0:00;2962881
08.09.2020 0:00;2962881
09.09.2020 0:00;2962881
10.09.2020 0:00;2962881
11.09.2020 0:00;2962881
12.09.2020 0:00;2962881
13.09.2020 0:00;2962881
14.09.2020 0:00;2962881
15.09.2020 0:00;2962881
16.09.2020 0:00;2962881
17.09.2020 0:00;2962881
18.09.2020 0:00;2962881
19.09.2020 0:00;2962881
20.09.2020 0:00;2962881
21.09.2020 0:00;2962881
22.09.2020 0:00;2962881
23.09.2020 0:00;2962881
24.09.2020 0:00;2962881
25.09.2020 0:00;2962881
26.09.2020 0:00;2962881
27.09.2020 0:00;2962881
28.09.2020 0:00;2962881
29.09.2020 0:00;2962881
30.09.2020 0:00;2962881
01.10.2020 0:00;2962881
02.10.2020 0:00;2964448
03.10.2020 0:00;2964448
04.10.2020 0:00;2964448
05.10.2020 0:00;2964448
06.10.2020 0:00;2964448
07.10.2020 0:00;2964448
08.10.2020 0:00;2964448
09.10.2020 0:00;2964448
10.10.2020 0:00;2964448
11.10.2020 0:00;2964448
12.10.2020 0:00;2964448
13.10.2020 0:00;2964448
14.10.2020 0:00;2964448
15.10.2020 0:00;2964448
16.10.2020 0:00;2964448
17.10.2020 0:00;2964448
18.10.2020 0:00;2964448
19.10.2020 0:00;2964448
20.10.2020 0:00;2964448
21.10.2020 0:00;2964448
22.10.2020 0:00;2964448
23.10.2020 0:00;2964448
24.10.2020 0:00;2964448
25.10.2020 0:00;2964448
26.10.2020 0:00;2964448
27.10.2020 0:00;2964448
28.10.2020 0:00;2964448
29.10.2020 0:00;2964448
30.10.2020 0:00;2964448
31.10.2020 0:00;2964448
01.11.2020 0:00;2964448
02.11.2020 0:00;2963149
03.11.2020 0:00;2963149
04.11.2020 0:00;2963149
05.11.2020 0:00;2963149
06.11.2020 0:00;2963149
07.11.2020 0:00;2963149
08.11.2020 0:00;2963149
09.11.2020 0:00;2963149
10.11.2020 0:00;2963149
11.11.2020 0:00;2963149
12.11.2020 0:00;2963149
13.11.2020 0:00;2963149
14.11.2020 0:00;2963149
15.11.2020 0:00;2963149
16.11.2020 0:00;2963149
17.11.2020 0:00;2963149
18.11.2020 0:00;2963149
19.11.2020 0:00;2963149
20.11.2020 0:00;2963149
21.11.2020 0:00;2963149
22.11.2020 0:00;2963149
23.11.2020 0:00;2963149
24.11.2020 0:00;2963149
25.11.2020 0:00;2963149
26.11.2020 0:00;2963149
27.11.2020 0:00;2963149
28.11.2020 0:00;2963149
29.11.2020 0:00;2963149
30.11.2020 0:00;2963149
01.12.2020 0:00;2963149
02.12.2020 0:00;2962180
03.12.2020 0:00;2962180
04.12.2020 0:00;2962180
05.12.2020 0:00;2962180
06.12.2020 0:00;2962180
07.12.2020 0:00;2962180
08.12.2020 0:00;2962180
09.12.2020 0:00;2962180
10.12.2020 0:00;2962180
11.12.2020 0:00;2962180
12.12.2020 0:00;2962180
13.12.2020 0:00;2962180
14.12.2020 0:00;2962180
15.12.2020 0:00;2962180
16.12.2020 0:00;2962180
17.12.2020 0:00;2962180
18.12.2020 0:00;2962180
19.12.2020 0:00;2962180
20.12.2020 0:00;2962180
21.12.2020 0:00;2962180
22.12.2020 0:00;2962180
23.12.2020 0:00;2962180
24.12.2020 0:00;2962180
25.12.2020 0:00;2962180
26.12.2020 0:00;2962180
27.12.2020 0:00;2962180
28.12.2020 0:00;2962180
29.12.2020 0:00;2962180
30.12.2020 0:00;2962180
31.12.2020 0:00;2962180
01.01.2021 0:00;2962180
02.01.2021 0:00;2960263
03.01.2021 0:00;2960263
04.01.2021 0:00;2960263
05.01.2021 0:00;2960263
06.01.2021 0:00;2960263
07.01.2021 0:00;2960263
08.01.2021 0:00;2960263
09.01.2021 0:00;2960263
10.01.2021 0:00;2960263
11.01.2021 0:00;2960263
12.01.2021 0:00;2960263
13.01.2021 0:00;2960263
14.01.2021 0:00;2960263
15.01.2021 0:00;2960263
16.01.2021 0:00;2960263
17.01.2021 0:00;2960263
18.01.2021 0:00;2960263
19.01.2021 0:00;2960263
20.01.2021 0:00;2960263
21.01.2021 0:00;2960263
22.01.2021 0:00;2960263
23.01.2021 0:00;2960263
24.01.2021 0:00;2960263
25.01.2021 0:00;2960263
26.01.2021 0:00;2960263
27.01.2021 0:00;2960263
28.01.2021 0:00;2960263
29.01.2021 0:00;2960263
30.01.2021 0:00;2960263
31.01.2021 0:00;2960263
01.02.2021 0:00;2960263
02.02.2021 0:00;2960095
03.02.2021 0:00;2960095
04.02.2021 0:00;2960095
05.02.2021 0:00;2960095
06.02.2021 0:00;2960095
07.02.2021 0:00;2960095
08.02.2021 0:00;2960095
09.02.2021 0:00;2960095
10.02.2021 0:00;2960095
11.02.2021 0:00;2960095
12.02.2021 0:00;2960095
13.02.2021 0:00;2960095
14.02.2021 0:00;2960095
15.02.2021 0:00;2960095
16.02.2021 0:00;2960095
17.02.2021 0:00;2960095
18.02.2021 0:00;2960095
19.02.2021 0:00;2960095
20.02.2021 0:00;2960095
21.02.2021 0:00;2960095
22.02.2021 0:00;2960095
23.02.2021 0:00;2960095
24.02.2021 0:00;2960095
25.02.2021 0:00;2960095
26.02.2021 0:00;2960095
27.02.2021 0:00;2960095
28.02.2021 0:00;2960095
01.03.2021 0:00;2960095
02.03.2021 0:00;2958669
03.03.2021 0:00;2958669
04.03.2021 0:00;2958669
05.03.2021 0:00;2958669
06.03.2021 0:00;2958669
07.03.2021 0:00;2958669
08.03.2021 0:00;2958669
09.03.2021 0:00;2958669
10.03.2021 0:00;2958669
11.03.2021 0:00;2958669
12.03.2021 0:00;2958669
13.03.2021 0:00;2958669
14.03.2021 0:00;2958669
15.03.2021 0:00;2958669
16.03.2021 0:00;2958669
17.03.2021 0:00;2958669
18.03.2021 0:00;2958669
19.03.2021 0:00;2958669
20.03.2021 0:00;2958669
21.03.2021 0:00;2958669
22.03.2021 0:00;2958669
23.03.2021 0:00;2958669
24.03.2021 0:00;2958669
25.03.2021 0:00;2958669
26.03.2021 0:00;2958669
27.03.2021 0:00;2958669
28.03.2021 0:00;2958669
29.03.2021 0:00;2958669
30.03.2021 0:00;2958669
31.03.2021 0:00;2958669
01.04.2021 0:00;2958669
02.04.2021 0:00;2953956
03.04.2021 0:00;2953956
04.04.2021 0:00;2953956
05.04.2021 0:00;2953956
06.04.2021 0:00;2953956
07.04.2021 0:00;2953956
08.04.2021 0:00;2953956
09.04.2021 0:00;2953956
10.04.2021 0:00;2953956
11.04.2021 0:00;2953956
12.04.2021 0:00;2953956
13.04.2021 0:00;2953956
14.04.2021 0:00;2953956
15.04.2021 0:00;2953956
16.04.2021 0:00;2953956
17.04.2021 0:00;2953956
18.04.2021 0:00;2953956
19.04.2021 0:00;2953956
20.04.2021 0:00;2953956
21.04.2021 0:00;2953956
22.04.2021 0:00;2953956
23.04.2021 0:00;2953956
24.04.2021 0:00;2953956
25.04.2021 0:00;2953956
26.04.2021 0:00;2953956
27.04.2021 0:00;2953956
28.04.2021 0:00;2953956
29.04.2021 0:00;2953956
30.04.2021 0:00;2953956
01.05.2021 0:00;2953956
02.05.2021 0:00;2954735
03.05.2021 0:00;2954735
04.05.2021 0:00;2954735
05.05.2021 0:00;2954735
06.05.2021 0:00;2954735
07.05.2021 0:00;2954735
08.05.2021 0:00;2954735
09.05.2021 0:00;2954735
10.05.2021 0:00;2954735
11.05.2021 0:00;2954735
12.05.2021 0:00;2954735
13.05.2021 0:00;2954735
14.05.2021 0:00;2954735
15.05.2021 0:00;2954735
16.05.2021 0:00;2954735
17.05.2021 0:00;2954735
18.05.2021 0:00;2954735
19.05.2021 0:00;2954735
20.05.2021 0:00;2954735
21.05.2021 0:00;2954735
22.05.2021 0:00;2954735
23.05.2021 0:00;2954735
24.05.2021 0:00;2954735
25.05.2021 0:00;2954735
26.05.2021 0:00;2954735
27.05.2021 0:00;2954735
28.05.2021 0:00;2954735
29.05.2021 0:00;2954735
30.05.2021 0:00;2954735
31.05.2021 0:00;2954735
01.06.2021 0:00;2954735
02.06.2021 0:00;2954275
03.06.2021 0:00;2954275
04.06.2021 0:00;2954275
05.06.2021 0:00;2954275
06.06.2021 0:00;2954275
07.06.2021 0:00;2954275
08.06.2021 0:00;2954275
09.06.2021 0:00;2954275
10.06.2021 0:00;2954275
11.06.2021 0:00;2954275
12.06.2021 0:00;2954275
13.06.2021 0:00;2954275
14.06.2021 0:00;2954275
15.06.2021 0:00;2954275
16.06.2021 0:00;2954275
17.06.2021 0:00;2954275
18.06.2021 0:00;2954275
19.06.2021 0:00;2954275
20.06.2021 0:00;2954275
21.06.2021 0:00;2954275
22.06.2021 0:00;2954275
23.06.2021 0:00;2954275
24.06.2021 0:00;2954275
25.06.2021 0:00;2954275
26.06.2021 0:00;2954275
27.06.2021 0:00;2954275
28.06.2021 0:00;2954275
29.06.2021 0:00;2954275
30.06.2021 0:00;2954275
01.07.2021 0:00;2954275
02.07.2021 0:00;2952499
03.07.2021 0:00;2952499
04.07.2021 0:00;2952499
05.07.2021 0:00;2952499
06.07.2021 0:00;2952499
07.07.2021 0:00;2952499
08.07.2021 0:00;2952499
09.07.2021 0:00;2952499
10.07.2021 0:00;2952499
11.07.2021 0:00;2952499
12.07.2021 0:00;2952499
13.07.2021 0:00;2952499
14.07.2021 0:00;2952499
15.07.2021 0:00;2952499
16.07.2021 0:00;2952499
17.07.2021 0:00;2952499
18.07.2021 0:00;2952499
19.07.2021 0:00;2952499
20.07.2021 0:00;2952499
21.07.2021 0:00;2952499
22.07.2021 0:00;2952499
23.07.2021 0:00;2952499
24.07.2021 0:00;2952499
25.07.2021 0:00;2952499
26.07.2021 0:00;2952499
27.07.2021 0:00;2952499
28.07.2021 0:00;2952499
29.07.2021 0:00;2952499
30.07.2021 0:00;2952499
31.07.2021 0:00;2952499
01.08.2021 0:00;2952499
02.08.2021 0:00;2951952
03.08.2021 0:00;2951952
04.08.2021 0:00;2951952
05.08.2021 0:00;2951952
06.08.2021 0:00;2951952
07.08.2021 0:00;2951952
08.08.2021 0:00;2951952
09.08.2021 0:00;2951952
10.08.2021 0:00;2951952
11.08.2021 0:00;2951952
12.08.2021 0:00;2951952
13.08.2021 0:00;2951952
14.08.2021 0:00;2951952
15.08.2021 0:00;2951952
16.08.2021 0:00;2951952
17.08.2021 0:00;2951952
18.08.2021 0:00;2951952
19.08.2021 0:00;2951952
20.08.2021 0:00;2951952
21.08.2021 0:00;2951952
22.08.2021 0:00;2951952
23.08.2021 0:00;2951952
24.08.2021 0:00;2951952
25.08.2021 0:00;2951952
26.08.2021 0:00;2951952
27.08.2021 0:00;2951952
28.08.2021 0:00;2951952
29.08.2021 0:00;2951952
30.08.2021 0:00;2951952
31.08.2021 0:00;2951952
01.09.2021 0:00;2951952
02.09.2021 0:00;2954564
03.09.2021 0:00;2954564
04.09.2021 0:00;2954564
05.09.2021 0:00;2954564
06.09.2021 0:00;2954564
07.09.2021 0:00;2954564
08.09.2021 0:00;2954564
09.09.2021 0:00;2954564
10.09.2021 0:00;2954564
11.09.2021 0:00;2954564
12.09.2021 0:00;2954564
13.09.2021 0:00;2954564
14.09.2021 0:00;2954564
15.09.2021 0:00;2954564
16.09.2021 0:00;2954564
17.09.2021 0:00;2954564
18.09.2021 0:00;2954564
19.09.2021 0:00;2954564
20.09.2021 0:00;2954564
21.09.2021 0:00;2954564
22.09.2021 0:00;2954564
23.09.2021 0:00;2954564
24.09.2021 0:00;2954564
25.09.2021 0:00;2954564
26.09.2021 0:00;2954564
27.09.2021 0:00;2954564
28.09.2021 0:00;2954564
29.09.2021 0:00;2954564
30.09.2021 0:00;2954564
01.10.2021 0:00;2954564
02.10.2021 0:00;2954052
03.10.2021 0:00;2954052
04.10.2021 0:00;2954052
05.10.2021 0:00;2954052
06.10.2021 0:00;2954052
07.10.2021 0:00;2954052
08.10.2021 0:00;2954052
09.10.2021 0:00;2954052
10.10.2021 0:00;2954052
11.10.2021 0:00;2954052
12.10.2021 0:00;2954052
13.10.2021 0:00;2954052
14.10.2021 0:00;2954052
15.10.2021 0:00;2954052
16.10.2021 0:00;2954052
17.10.2021 0:00;2954052
18.10.2021 0:00;2954052
19.10.2021 0:00;2954052
20.10.2021 0:00;2954052
21.10.2021 0:00;2954052
22.10.2021 0:00;2954052
23.10.2021 0:00;2954052
24.10.2021 0:00;2954052
25.10.2021 0:00;2954052
26.10.2021 0:00;2954052
27.10.2021 0:00;2954052
28.10.2021 0:00;2954052
29.10.2021 0:00;2954052
30.10.2021 0:00;2954052
31.10.2021 0:00;2954052
01.11.2021 0:00;2954052
02.11.2021 0:00;2952577
03.11.2021 0:00;2952577
04.11.2021 0:00;2952577
05.11.2021 0:00;2952577
06.11.2021 0:00;2952577
07.11.2021 0:00;2952577
08.11.2021 0:00;2952577
09.11.2021 0:00;2952577
10.11.2021 0:00;2952577
11.11.2021 0:00;2952577
12.11.2021 0:00;2952577
13.11.2021 0:00;2952577
14.11.2021 0:00;2952577
15.11.2021 0:00;2952577
16.11.2021 0:00;2952577
17.11.2021 0:00;2952577
18.11.2021 0:00;2952577
19.11.2021 0:00;2952577
20.11.2021 0:00;2952577
21.11.2021 0:00;2952577
22.11.2021 0:00;2952577
23.11.2021 0:00;2952577
24.11.2021 0:00;2952577
25.11.2021 0:00;2952577
26.11.2021 0:00;2952577
27.11.2021 0:00;2952577
28.11.2021 0:00;2952577
29.11.2021 0:00;2952577
30.11.2021 0:00;2952577
01.12.2021 0:00;2952577
02.12.2021 0:00;2952301
03.12.2021 0:00;2952301
04.12.2021 0:00;2952301
05.12.2021 0:00;2952301
06.12.2021 0:00;2952301
07.12.2021 0:00;2952301
08.12.2021 0:00;2952301
09.12.2021 0:00;2952301
10.12.2021 0:00;2952301
11.12.2021 0:00;2952301
12.12.2021 0:00;2952301
13.12.2021 0:00;2952301
14.12.2021 0:00;2952301
15.12.2021 0:00;2952301
16.12.2021 0:00;2952301
17.12.2021 0:00;2952301
18.12.2021 0:00;2952301
19.12.2021 0:00;2952301
20.12.2021 0:00;2952301
21.12.2021 0:00;2952301
22.12.2021 0:00;2952301
23.12.2021 0:00;2952301
24.12.2021 0:00;2952301
25.12.2021 0:00;2952301
26.12.2021 0:00;2952301
27.12.2021 0:00;2952301
28.12.2021 0:00;2952301
29.12.2021 0:00;2952301
30.12.2021 0:00;2952301
31.12.2021 0:00;2952301
01.01.2022 0:00;2952301
02.01.2022 0:00;2950702
03.01.2022 0:00;2950702
04.01.2022 0:00;2950702
05.01.2022 0:00;2950702
06.01.2022 0:00;2950702
07.01.2022 0:00;2950702
08.01.2022 0:00;2950702
09.01.2022 0:00;2950702
10.01.2022 0:00;2950702
11.01.2022 0:00;2950702
12.01.2022 0:00;2950702
13.01.2022 0:00;2950702
14.01.2022 0:00;2950702
15.01.2022 0:00;2950702
16.01.2022 0:00;2950702
17.01.2022 0:00;2950702
18.01.2022 0:00;2950702
19.01.2022 0:00;2950702
20.01.2022 0:00;2950702
21.01.2022 0:00;2950702
22.01.2022 0:00;2950702
23.01.2022 0:00;2950702
24.01.2022 0:00;2950702
25.01.2022 0:00;2950702
26.01.2022 0:00;2950702
27.01.2022 0:00;2950702
28.01.2022 0:00;2950702
29.01.2022 0:00;2950702
30.01.2022 0:00;2950702
31.01.2022 0:00;2950702
01.02.2022 0:00;2950702
